abbigere,Abbigere,ChIJAf0-x-4irjsRr4QU0uTo1n0,22
adugodi,Adugodi,ChIJRTHEy0sUrjsRV_BYNOUtpu4,22
aecs-layout,AECS Layout,ChIJXR3gIiUSrjsR7MdqiFvLAxw,22
agripada,Agripada,ChIJxVxWD2jO5zsR41oUBHdnkFA,22
air-view-court,Air View Court,ChIJLUl-nwkUrjsR-kj3cffrxtY,23
airoli,Airoli,ChIJq7XYPVK_5zsRYdphOfen6Z0,22
akshayanagar,Akshayanagar,ChIJ6bvUfi5rrjsR1bHxnKWR7QA,22
akurdi,Akurdi,ChIJy-hUKcC5wjsR8ibV4Y1wXVI,22
ambernath,Ambernath,ChIJpdO7WYOT5zsRyfCIynvKhQE,22
ambivali,Ambivali,ChIJnWSygCi25zsR4LGqiNZEYW4,22
amrita-university-bangalore,Amrita University Bangalore,ChIJGcOhQkYTrjsRZOdE4D12FvU,23
amrutha-halli,Amrutha Halli,ChIJlTCPjS4YrjsRk39Pqr1c9_w,22
andheri-east,Andheri East,ChIJMbHfQRu25zsRMazdY3UpaKY,22
andheri-west,Andheri West,ChIJ3ZHYthi25zsRMtExx1eo-JE,22
andrahalli,Andrahalli,ChIJJ7z4dYg8rjsRtXDJI0xzwfY,22
anekal,Anekal,ChIJ_fFYh3hvrjsRw5To5mK3a6U,22
anjanapura,Anjanapura,ChIJOYmyeHxArjsRoQL6vydXfnk,22
anjaneya-complex,Anjaneya Complex,ChIJszkvoAUUrjsRThkhdRgwMtE,23
annapurneshwari-nagar,Annapurneshwari Nagar,ChIJ9TRNTiM8rjsRnBPfRBAA1TY,22
antop-hill,Antop Hill,ChIJX8kzsDDP5zsRMsh9wxOp1g4,22
asangaon,Asangaon,ChIJ_29ds5uE5zsR5YS912jtaBs,22
asangaon,Asangaon,ChIJA5KIHpmE5zsR9up2KOsk0I4,22
ashiwana-apartments,Ashiwana Apartments,ChIJ81FK5jgSrjsRNkavqn4RfTM,23
ashok-nagar,Ashok Nagar,ChIJkTGsYIAWrjsRXONhIHn9BD4,22
attibele,Attibele,ChIJSTUVgZNxrjsRu278wqrqlBw,22
attibele,Attibele,ChIJzREqNqFxrjsRrguubbq-6Uc,22
attiguppe,Attiguppe,ChIJiTQWoHA-rjsRA1gk1vXbLBA,22
aundh,Aundh,ChIJzUFgOki_wjsRLTrf2X7gaNk,22
azad-nagar,Azad Nagar,ChIJ1zE8AgU-rjsRlZpsze_xr90,22
badlapur-east,Badlapur East,ChIJUdEofiOT5zsR6_CE6-G4cvM,22
badlapur-east,Badlapur East,ChIJUVIE6NKS5zsRvrx5AqHxPHM,22
badlapur-west,Badlapur West,ChIJjYpoftSS5zsR-atAdkZkD9g,22
bagalakunte,Bagalakunte,ChIJHbJ6Zc08rjsRXyOzViFM7so,22
bagaluru,Bagaluru,ChIJS7iGHukbrjsRTXpQSHZ1QtM,22
bagmane-tech-park,Bagmane Tech Park,ChIJ84DBbU8RrjsR-83ZQUu1h-s,23
baiyyappanahalli,Baiyyappanahalli,ChIJ1wqUx8cWrjsRfoEZ7no2vEY,22
balaji-apartment,Balaji Apartment,ChIJyTNG9i5rrjsRIKrYDNwE2_U,23
balewadi,Balewadi,ChIJnQkoQTa5wjsRX5YpGZAuiUM,22
balkum,Balkum,ChIJ28-tkku55zsRWkDNcFt8RyQ,22
banashankari,Banashankari,ChIJt1jDIiw-rjsR7_I2fxBocBU,22
banaswadi,Banswadi,ChIJp8gWiCoXrjsRMm93KPuPiRI,22
bandra-east,Bandra East,ChIJRVD6FOHI5zsRxyqpis6zAas,22
bandra-kurla-complex,Bandra Kurla Complex,ChIJG-qGC9_I5zsRlvK9G0vqfs4,22
bandra-west,Bandra West,ChIJe9L4I-HI5zsReGojmrSWeUM,22
baner,Baner,ChIJy9Nd8M--wjsRfat_-5cSkaE,22
bangalore,Bengaluru,ChIJbU60yXAWrjsR4E9-UejD3_g,21
bangur-nagar,Bangur Nagar,ChIJPRpYHVy25zsRHNXWRqiFM-g,22
bannerghatta-road,Bannerghatta Main Road,ChIJJ6iKEcRqrjsR1EesTrgSBg0,23
bapuji-nagar,Bapuji Nagar,ChIJK7tdWQw-rjsR-aKKEzHtR4o,22
basapura,Basapura,ChIJW5Jn7lhrrjsRQj3Z40VwdAY,22
basavanagudi,Basavanagudi,ChIJqfs4p5IVrjsRx2LhtOBKArk,22
basavanna-nagar,Basavanna Nagar,ChIJE1g2mZIRrjsRPTgPlk4TsuM,22
basaveshwara-nagar,Basaveshwar Nagar,ChIJu2vRsqI9rjsRZy0viMNvrWM,22
battarahalli,Battarahalli,ChIJIdnHnVYQrjsRvAq4Ikolxb4,22
begur,Begur,ChIJNac-HkprrjsRwYzD0krrMFQ,22
belathur,Belathur,ChIJq6C-8PJ0rjsRun-z0og4MpM,22
bellandur,Bellandur,ChIJL-k0LnUTrjsRrmqYb6Y0ssI,22
bellary road,Bellary Road,ChIJxxI-uo0XrjsRNwoW6nqVTq0,23
beml-layout,BEML Layout,ChIJz5WWWDwSrjsRBwOVdeGDY3k,22
bennigana-halli,Bennigana Halli,ChIJHSKs-cwWrjsRRwIw0k8qd2Y,22
benson-town,Benson Town,ChIJ7ygYG1kWrjsRc7ID1Q9ngbg,22
bhandarkar-road,Bhandarkar Road,ChIJPzTC2IW_wjsRHGOKEEXMxps,23
bhandup-east,Bhandup East,ChIJNdepGH-45zsRYkqPD7DQaAI,22
bhandup-west,Bhandup West,ChIJe0T4RHq45zsRGDwtaYvJmaY,22
bharti-vidyapeeth-dhankawadi,Bharati Vidyapeeth,ChIJywftisjqwjsR8IWteuWu6J0,23
bharti-vidyapeeth-dhankawadi,Bharati Vidyapeeth Campus,ChIJ70PSxMfqwjsRaG5rg9bWvZg,22
bharti-vidyapeeth-dhankawadi,Bharti Vidyapeeth Gate,ChIJgWeY3cbqwjsRyZbmGW-FOAU,23
bharti-vidyapeeth-dhankawadi,Bharti Vidyapeeth Dhankawadi,ChIJA_k8NcfqwjsRu0LcGf_p-Zg,23
bhavans-college,Bhavans College,ChIJ-ypANNjJ5zsR9mUuhyaBoTU,23
bhawani-homes,Bhawani Homes,ChIJz5dKW0cSrjsRXzf5AENy2kQ,23
bhayandar-east,Bhayandar East,ChIJe2fGISmw5zsRZelT5RfMZLE,22
bhayandar-west,Bhayandar West,ChIJ7zW-CNSx5zsR407Yk0vKf4g,22
bhiwandi,Bhiwandi,ChIJo0qCHhC95zsRrjHZxnKlcFk,22
bhosari,Bhosari,ChIJVzdNwoDHwjsRW_pYGkJZdM8,22
bhuleshwar,Bhuleshwar,ChIJS0WqlRfO5zsRPBeea8Htcg8,22
bhuvaneshwari-nagar,Bhuvaneshwari Nagar,ChIJZc8DXr8-rjsRZOyMgkcpSAM,22
bhuvaneshwari-nagar,Bhuvaneshwari Nagar,ChIJlX1hv_49rjsRbdaN4Hps0kM,22
bhuvaneshwari-nagar,Bhuvaneshwari Nagar,ChIJEX8QTKI-rjsR5wVjXP66MOE,23
bhuvaneshwari-nagar,Bhuvaneshwari Nagar,ChIJPYWlXr8-rjsRiIWhsvLNrig,22
bhuvaneshwari-nagar,Bhuvaneshwari Nagar,ChIJG_ZUdIEXrjsRAgeAiG2LRzU,22
bhuvaneshwari-nagar,Bhuvaneswari Nagar,ChIJ0aJ2oIEXrjsR7A3zjQ7W8Q4,22
bial,BIAL,ChIJZWJEdf4crjsRjkEpoelwbCk,22
bibvewadi,Bibvewadi,ChIJjXaFQJfqwjsRduKkb30_fRY,22
bidadi,Bidadi,ChIJy6lIiBhGrjsRR2uTOOK-i7c,21
bidrahalli,Bidrahalli,ChIJdUePZHYQrjsRmStYhtbKEjY,22
bilekahalli,Bilekahalli,ChIJIYAZRNkUrjsRsCiRog-_i6M,22
bommanahalli,Bommanahalli,ChIJfRkUyO4UrjsR6XFi8njTCs8,22
bommasandra,Bommasandra,ChIJ4XWn7zdsrjsRxFkskzA5aL8,22
bopodi,Bopodi,ChIJFdFvV1G_wjsRamVT2lcd6xA,22
borivali-east,Borivali East,ChIJyyvQMc6w5zsRedXXF-xXzU0,22
borivali-west,Borivali West,ChIJ9xfRPM6w5zsRkvZblYtVXVE,22
brahmand,Brahmand,ChIJG0ZzJ_C75zsRzWQFecMrZCk,22
breach-candy,Breach Candy,ChIJLQBHqdjN5zsRon7MDtgXcRc,22
brigade road,Brigade Road,ChIJFWfzXNUVrjsR3YB7Mo3GyWc,23
brigade-tech-park,Brigade Tech Park,ChIJw9HZWuMRrjsR6N7BzDbSZ28,23
brookefield,Brookefield,ChIJMXz1nyQSrjsRapXq4IDC75I,22
btm-layout,BTM Layout,ChIJMTCpkfwUrjsRP9zLdiXmr_A,22
budhawar-peth,Budhwar Peth,ChIJm060u2jAwjsRu8UYeU6YdTs,22
budigere,Budigere,ChIJrbWTGbUErjsRyrXbxSeHOOs,22
budigere,Budigere,ChIJSdZHD7UErjsRUIESf1nqvAk,22
bund-garden-road,Bund Garden Road,ChIJL5h9C_nAwjsRq3JVzJDbN4I,23
byculla-east,Byculla East,ChIJBdvE-lrO5zsRFJjULgfHGtA,22
byculla-west,Byculla West,ChIJYX4HXUPO5zsRkokKgT6aJRg,22
cambridge-layout,Cambridge Layout,ChIJL8Zeg54WrjsRzIebk6zmkPU,22
camp,Camp,ChIJwYkQn0zAwjsR1J-40am3xwo,22
casa-di-mosa,Casa Di Mosa,ChIJvYx2ITkSrjsRghzaZR1J4Bw,23
cbd-belapur,CBD Belapur,ChIJYaUX_lLC5zsR3iZti1wjxak,22
chakala,Chakala,ChIJKdFgFjTI5zsRKpuzVWlSG1A,22
chandapura,Chandapura,ChIJb8YdYdttrjsR8iZf3jhBSb4,22
chandivali,Chandivali,ChIJFTW8ywvI5zsRABlRv1yrPs4,22
channasandra,Channasandra,ChIJIc7f9eUgrjsR8IIrq934DAI,22
channasandra,Channasandra,ChIJAc85nA4_rjsRjfEmBBv2LeE,22
channasandra,Chansandra,ChIJG01YCwwOrjsRIAd9w3D6Wi8,22
channasandra,Channasandra,ChIJdc4KGaQ_rjsRD9D7Mz7pkiU,22
charai,Charai,ChIJx1n2n6jI5zsRitA8N1X_FYQ,23
charai,Charai,ChIJnclxojy55zsR7uRjkKsyGTE,22
charkop,Charkop,ChIJhTtIYq625zsRdBwmwLmF7M4,22
charni-road,Charni Road,ChIJXX5X8xrO5zsRaTMuCOJHlVM,23
chembur,Chembur,ChIJndMI5-3F5zsRbRM_-mTnGtg,22
chickpet,Chickpet,ChIJ54y19ggWrjsRPKWxs8ydVc0,22
chikbanavara,Chikkabanavara,ChIJa20mhRcjrjsRU73vbYXOuFQ,22
chikka-tirupathi,Chikka Tirupathi,ChIJ3SqTbzELrjsRp2-zv0l_biw,22
chikkaballapur,Chikkaballapur,ChIJQW-c82DlsTsRKsrp6tUI33E,22
chikkabidarakallu,Chikkabidarakallu,ChIJ3z1mibM8rjsR2Ig_uvultOA,22
chikkajala,Chikkajala,ChIJiQVo_b4erjsRCJR7whFWihU,22
chikkanahalli,Chikkanahalli,ChIJSwRwFkQcrjsRBDR95hhWuXM,22
chikkanahalli,Chikkanahalli,ChIJc6Hd7PT8sTsR1ABA-UP1TuM,22
chinchpokli,Chinchpokli,ChIJMzO6rF7O5zsRf1fxXNOeIys,22
chinchwad,Chinchwad,ChIJodHDU6W5wjsRiJHgMXaUnps,22
chintamani,Chintamani,ChIJSV9D4ZXqwjsR_EFBkU1P9Vk,22
choodasandra,Choodasandra,ChIJOefOWTMTrjsRbbvJA8qNZCM,22
christ-university,Christ University,ChIJaVOxnrIVrjsRDINIMvl6OQU,23
chuna-bhatti,Chunabhatti,ChIJFf38xsXI5zsRlloRC1ZVA14,22
church-gate,Churchgate,ChIJxbBgE-fR5zsRK6Osdf6NDnE,22
colaba,Colaba,ChIJlcIOo5rR5zsRzws9zlvdtxs,22
commercial-street,Commercial Street,ChIJbcFO0okWrjsRfRCaFtIVXbk,23
cooke-town,Cooke Town,ChIJnaEfiuUWrjsRO2mK_rQJYxU,22
cotton-green,Cotton Green,ChIJXX7LJf_O5zsRDcYsjmVh8LA,23
cox-town,Cox Town,ChIJKdjjJ-wWrjsRS8QhpJ5rUeU,22
csia,Chhatrapati Shivaji International Airport,ChIJRym9mVDI5zsRrqh0xGAazB4,23
cst,CST,ChIJw88Ih7vI5zsRart1EO2FC0A,23
cuffe-parade,Cuffe Parade,ChIJK0B1dZPR5zsRJEbRNwxOWd8,22
cv-raman-nagar,C V Raman Nagar,ChIJywiewU8RrjsR6WUvFJFcNvU,22
cyber-park,Cyber Park,ChIJLYjc9nU9rjsRyuZzQ8na0pg,23
cyber-park,Cyber Park,ChIJk75Sy4dsrjsRlo-6BXPwGL8,23
cyber-park,Cyber Park,ChIJ89fvBgwWrjsRkzm1_DhFTuI,23
cyber-park,Cyber Park,ChIJzZaevv4NrjsRKeMr9EHcP9A,23
dabaspete,Dabaspete,ChIJh8IaV4LVsTsR7ie2AKINJaM,21
dadar-east,Dadar East,ChIJe6SP697O5zsRZQ45d8bMo4M,22
dadar-west,Dadar West,ChIJ4z3f-cTO5zsRiIQLKxv2TsU,22
daffodil,Daffodil,ChIJBebM-Fc-rjsRUJ8_cL6_Qg4,23
dahisar-east,Dahisar East,ChIJE8w_8-6w5zsRhsViojU7j98,22
dapodi,Dapodi,ChIJWx4HwbG4wjsRdQglywPYpG8,22
dasarahalli,Dasarahalli,ChIJ-wod0NY8rjsRhy6GhJeZz7M,22
deccan-gymkhana,Deccan Gymkhana,ChIJfS8qMI-_wjsRZC5c1rF2ha4,22
deonar,Deonar,ChIJfULYOhLG5zsRueJl2CsON9w,22
deonar,Deonar,ChIJA-bLbAzG5zsRypVBMo5YZN0,22
devanahalli,Devanahalli,ChIJG5NCqX0drjsRwMNCtQZ6U7k,22
devarachikkana-halli,Devarachikkana Halli,ChIJk5DZ9ckUrjsRLqrruBrEf_M,22
dhankawadi,Dhankawadi,ChIJ3TLxhrfqwjsR8yBKajO8c34,22
dharavi,Dharavi,ChIJNS2_KtfI5zsRLqgq32KxoFs,22
dhayari,Dhayari,ChIJQ20tihqVwjsRoyj64shw2Ek,22
dhokali,Dhokali,ChIJ5zb_HVG55zsRYVfmRDUpdiY,22
dindoshi,Dindoshi,ChIJaSgK3we35zsRlz6d-6a9FHY,22
diva,Diva,ChIJTyU_ZKq_5zsR78IBNejah_w,22
divyasree-technopark,Divyashree Technopark,ChIJGRBswR4SrjsR9z33l3nCvfI,23
divyasree-technopark,Divyasree Technopark,ChIJk6NaUx4SrjsRN2TfzzMGWiA,23
dockyard,Dockyard,ChIJf42xcEnO5zsRhSJ5sf-tObA,23
dodda-banasvadi,Dodda Banaswadi,ChIJ79qlnCoXrjsRuTFJ96MEb_E,22
doddaballapur,Doddaballapur,ChIJoyNj6TjesTsRYxHY5TJrkL8,22
doddaballapur-road,Doddaballapur Road,ChIJxx5DWKQYrjsRwY-xORke-xo,23
doddabommasandra,Doddabommasandra,ChIJ0cRVmAAYrjsRtmqUe-ObHMw,22
doddenakundi,Doddanekundi,ChIJ6YCFXX4RrjsRNSycZt5Eeh0,22
doddenakundi,Doddenakundi,ChIJM9-kitUTrjsRzwGLHq-D8Bk,22
dollars-colony,Dollars Colony,ChIJacTDi-EXrjsRy02b4FsCwAs,22
dombivli-east,Dombivli East,ChIJm1zvA4WV5zsRJWVaj3NdhLY,22
dombivli-west,Dombivli West,ChIJa5830x--5zsRxfXqrmwpevo,22
domlur,Domlur,ChIJX9OZehsUrjsRjlnPb6fKWYI,22
dommasandra,Dommasandra,ChIJsQzJn61yrjsRaEV85C15AQw,22
dongri,Dongri,ChIJIWbYJzrO5zsRm89b-ZKllLQ,22
dongri,Dongri,ChIJV6jkhj2y5zsRD2DFPoh2Yqg,22
ejipura,Ejipura,ChIJS0y-ikIUrjsRFN3g6O5_Jgw,22
electronic-city-phase-1,Electronics City Phase 1,ChIJZ_hTxoRsrjsR-So1cnwXt6I,22
electronic-city-phase-1,Phase 1,ChIJeXv4x_dsrjsROiXoJZKhlyA,22
electronic-city-phase-ii,Electronic City Phase II,ChIJ-YRO7PJsrjsR2X90TlrzbHg,22
elite-apartment,Elite Apartment,ChIJDXzOzUYSrjsRfRyeZDsRekM,23
embassy-golf-links-business-park,Embassy Golf Links Business Park,ChIJBSCmOAwUrjsRo74fKgI_Q9E,22
erandwana,Erandwane,ChIJw_ByX4u_wjsRepsU4gtM_wk,22
erandwana,Erandwana,ChIJ04LnlIy_wjsRya1op_8hRFk,22
fatima-nagar,Fatima Nagar,ChIJW6k-38XBwjsRdfgu_hK3nUo,22
fergusson-college,Fergusson College,ChIJsQfUTIe_wjsRs6-sG0J7-jU,23
fergusson-college-road,Fergusson College Road,ChIJfwmqTX_AwjsRCVBddmCbM84,23
fortuna-apartment,Fortuna Apartment,ChIJy3svEgkUrjsRHuQdxVdM2ms,23
frazer-town,Frazer Town,ChIJPYDzqfYWrjsR8VRXGUdUc2E,22
gamdevi,Gamdevi,ChIJk9w60w3O5zsRv5PhO1Smjq0,22
gandhi-nagar,Gandhi Nagar,ChIJgXTN4RAWrjsRHTfNXzwM_zk,22
gandhi-nagar,Gandhi Nagar,ChIJrzRB2RUSrjsRIUGQMHUiMZQ,22
ganga-nagar,Ganganagar,ChIJMT6KEbcXrjsRmE6Je24lUy8,22
gayatri-tech-park,Gayatri Tech Park,ChIJ_codfiASrjsRJlka83KhikQ,23
ghansoli,Ghansoli,ChIJy0_9CK7A5zsRf5UOcww2Kes,22
ghatkopar-east,Ghatkopar East,ChIJ2UWx3DHG5zsRQRGhESB8Lu0,22
ghatkopar-west,Ghatkopar West,ChIJKeZ1Ui3G5zsRiGKnRLEbuRY,22
ghodbandar,Ghodbandar,ChIJxUa2KHOw5zsRgJN7vo2QEVY,22
ghodbunder-road,Ghodbunder Road,ChIJc2jud0665zsRuKzwWpP9ong,23
girgaon,Girgaon,ChIJvVg5PBDO5zsRovVU-jWOYgk,22
global-village,Global Village,ChIJueQSMOM-rjsRsBmi5S3xB6M,23
gnr-tech-park,GNR Tech park,ChIJ0f6duboUrjsR3tVK9Qvo2WI,23
gokhale-nagar,Gokhalenagar,ChIJP5pW_Jm_wjsR7YLsaT1cXrc,22
gokhale-nagar,Gokhale Nagar,ChIJh_U7C52_wjsR0ox1Y-hEMWo,22
gokuldham,Gokuldham Colony,ChIJnQ6ESqG35zsRDWnQa32UJ0M,22
gokuldham,Gokuldham,ChIJNQBFLCW5wjsRw2SmUFhLRz8,22
gorai,Gorai,ChIJ5eUCdumz5zsRhpr0hDXeecU,22
goregaon-east,Goregaon East,ChIJub3bflq25zsReDAUmYXDR_Q,22
govandi,Govandi,ChIJqfCgMg3G5zsR2lKkAw7vgbM,22
grant-road-east,Grant Road East,ChIJMUCC4xLO5zsRLZUHkwqN3h4,22
grant-road-west,Grant Road West,ChIJL45rUg3O5zsRuEbeqHbCwYU,22
gtb-nagar,G.T.B.Nagar,ChIJL_mZCzLP5zsRGEGCDv5XgMQ,23
gtb-nagar,GTB Nagar,ChIJU0ya6bfI5zsRFaAE3NnFKNs,23
gtb-nagar,Guru Tegh Bahadur Nagar,ChIJB_OV8zLP5zsRdsjdn5gH93g,22
gultekadi-and-market-yard,Market Yard,ChIJwzxu-CDAwjsR5WfmLDTWlqc,22
gultekadi-and-market-yard,Gultekadi And Market Yard,ChIJ_zlCmx_AwjsR1-mNYpDiq_4,22
gunjur,Gunjur,ChIJ1cC0m4USrjsRlnHLdK7IhLU,22
hadapsar,Hadapsar,ChIJ6arxgf_pwjsRU4usVTU0YCU,22
haji-ali,Haji Ali,ChIJ8xjv0nvO5zsRVc_QGUqcfOg,22
hal,HAL,ChIJs8dRXewTrjsR-rDy25lGJLI,22
hal,Hal,ChIJBySRbaoWrjsRTBwAtBhrFy4,22
harlur,Harlur,ChIJvSKk8l0TrjsR-HIecV2eyDI,22
haudin-road,Haudin Road,ChIJ3Q7kyIQWrjsRvn56VznHp_g,23
hbr-layout,HBR Layout,ChIJe33LDjsXrjsRz6kBCnbnsdQ,22
hebbal,Hebbal,ChIJRwrYlaIXrjsRWUexKPPLPBo,22
hesaraghatta,Hesaraghatta,ChIJC1aV0v0jrjsRlUBeYq2WDTs,22
hinjawadi-phase-2,Phase 2,ChIJ-6Mn6qW7wjsR-wdfudxwJ7o,22
hinjawadi-phase-2,Hinjawadi Phase 2,ChIJ5WL9iLm7wjsRcJI_813IFeM,22
hinjawadi-phase-2,Hinjawadi Phase 2,ChIJn-FuZse7wjsR6BBGTTjv7uA,22
hinjawadi-phase-3,Phase 3,ChIJhaG8whK7wjsR9Nx6YsOfh7M,22
hinjewadi-phase-1,Phase 1,ChIJLbvrhcO7wjsRQm5Z_zqQWao,22
hinjewadi-phase-1,Hinjewadi Phase 1,ChIJw_AjfMS7wjsRjRKsbmtGx6Y,22
hiranandani-estate,Hiranandani Estate,ChIJj5RlxPK75zsR8VSY1uW1-Mc,22
hombegowda-nagar,Hombegowda Nagar,ChIJf6fYU7gVrjsRm4oNUBcrcXo,22
hongasandra,Hongasandra,ChIJS6gB7MAUrjsRoXBMeJaXm_M,22
hoodi,Hoodi,ChIJD1FpvJMRrjsRSPg6XJzpz5I,22
horamavu,Horamavu,ChIJcVwGKtAQrjsRxXoaRFHZjQA,22
hosakerehalli,Hosakerehalli,ChIJ_Q0E4Us-rjsRIk3L21mNQAM,22
hoskote,Hoskote,ChIJG9pLtngFrjsRiC9fWki2JBc,22
hrbr-layout,HRBR Layout,ChIJIeeB6isXrjsRmg3CP1jNkX4,22
hsr-layout,HSR Layout,ChIJzW7cv5EUrjsRecj7OYRxMvI,22
hulimavu,Hulimavu,ChIJlWpoKNRqrjsRnkhk-wJHg58,22
huskur,Huskur,ChIJA0-97BhtrjsRw4pocjvZ0IE,22
ibc-knowledge-park,IBC Knowledge Park,ChIJu-PBlK0VrjsRCIpQmWCt5pM,23
ic-colony,I C Colony,ChIJ5QzKZx6x5zsRSlZOLKNiSlA,22
ic-colony,I C Colony,ChIJRXxgeB6x5zsRonbJiqGc0Zs,22
iit-bombay,IIT Area,ChIJU6StiAe45zsRwu-jReYYL24,22
iit-bombay,IIT Bombay,ChIJOcDvifHH5zsRTonFxaTO_Wg,23
indiranagar,Indiranagar,ChIJkQN3GKQWrjsRNhBQJrhGD7U,22
infantry-road,Infantry Road,ChIJAyb1MmkWrjsR_0plesNKGck,23
infosys-electronics-city,Infosys,ChIJIRtXOIVsrjsRSiLQ5eKgNsk,23
infosys-electronics-city,Infosys Electronics City,ChIJDzR_61oTrjsRyEmsy3FiQBE,23
isro-layout,ISRO Layout,ChIJZa4RO94_rjsRbMsauCo4468,22
IT Park ground,R.A.Podar College Of Commerce & Economics,ChIJKdUpH9jO5zsRZPbAPL-BjPg,23
itpl,ITPL,ChIJpSEb--QRrjsRssj6tHt5GGA,22
j-b-nagar,J B Nagar,ChIJt8_u6TjI5zsRR9eE5rMK45A,22
j-b-nagar,J.B. Nagar,ChIJt_k1HjjI5zsRDOBcmXwFKxY,22
jakkur,Jakkur,ChIJV1_PmNAZrjsRT7Fcs9RvnLA,22
jalahalli-cross,Jalahalli Cross Road,ChIJq8XXqSc9rjsRr39qpgfNbQo,23
jalahalli-cross,Jalahalli Cross,ChIJZypkqic9rjsRYjrofGCyYY0,22
jalahalli-west,Jalahalli West,ChIJ2QlXyjM9rjsR0Q08_aU_SwQ,22
jangali-maharaj-road,Jangali Maharaj Road,ChIJmemZn3nAwjsRCNov2IKt3MQ,23
jaya-chamarajendra-nagar,J.C.Nagar,ChIJx1FDAFIWrjsRfKkTmrvQthI,22
jayamahal,Jayamahal,ChIJuSFvvlAWrjsRbkPtTgU9kB8,22
jayanagar,Jaya Nagar,ChIJ2ddlZ5gVrjsRh1BOAaf-ors,22
jeevan-samskruthi-apartment,Jeevan Samskruthi Apartment,ChIJ5zkhc0cSrjsRzx2gIaUp398,23
jeevanbheema-nagar,Jeevanbheemanagar,ChIJS746mP4TrjsR7JZcPztktRA,22
jigani,Jigani,ChIJkwfo01BprjsRaoWdxMT6upM,22
jnana-ganga-nagar,Jnana Ganga Nagar,ChIJgf6aTbw-rjsRYft3FUnXUVA,22
jogeshwari-east,Jogeshwari East,ChIJm97zdju25zsR-LEAf9IcHR4,22
jogeshwari-west,Jogeshwari West,ChIJaQzvzjq25zsRO_p9KPIMqCo,22
jp-nagar,J P Nagar,ChIJK6dJcw0VrjsRRj3d4aE-0PM,22
jubliee-meredian,Jubliee Meredian,ChIJadre2PATrjsRR--s3d0layY,23
juhu,Juhu,ChIJB7rUlb_J5zsRoc62Npx8BDU,22
juinagar,Juinagar,ChIJe8MFVODD5zsR0YEZgJcFfDA,22
kadabagere,Kadabagere,ChIJe8MJ6K47rjsR2rkLfy4HSkQ,22
kadugodi,Kadugodi,ChIJERs-PT4OrjsRu70kITZTReA,22
kadugodi,Kadugodi,ChIJOSs_5-ERrjsReqY-bpqAT5w,22
kadugondanahalli,Kadugondanahalli,ChIJA-DOohwXrjsR_cB4Hs3Mhic,22
kaggadasapura,Kaggadasapura,ChIJLy0ycl0RrjsRPDtUMy_Imnc,22
kaikondrahalli,Kaikondrahalli,ChIJLzg-phITrjsR0vlekJ_3xBI,22
kalamboli,Kalamboli,ChIJeWXYy9bp5zsRSL0ud49oUhs,22
kalbadevi,Kalbadevi,ChIJG7sKKCLO5zsR_H6x-j9HG_k,22
kalena-agrahara,Kalena Agrahara,ChIJcTYIac9qrjsRHIQCC_5Kd_E,22
kalina,Kalina,ChIJv1xuf_HI5zsRi5232ivcrcU,22
kalkere,Kalkere,ChIJtw9_CMEQrjsRYtlkJxGjlwY,22
kalwa,Kalwa,ChIJsek7ctO-5zsRxKyr_iv6ZRw,22
kalyan-east,Kalyan East,ChIJn8UJuM6V5zsRzJyAn0gr2yY,22
kalyan-nagar,Kalyan Nagar,ChIJGVJUECQXrjsR-DB5Jgiof2k,22
kalyan-west,Kalyan West,ChIJmz34-9eV5zsRfx7ByY3Xo-4,22
kalyani-nagar,Kalyani Nagar,ChIJxZBnkBDBwjsRcpq1NoUtYVY,22
kammanahalli,Kammanahalli,ChIJJ-OsSyEXrjsR0hNujIQktYM,22
kammasandra,Kammasandra,ChIJq28M2FBsrjsRSb03CvSpQf8,22
kammasandra-agrahara,Kammasandra Agrahara,ChIJL33QBqlvrjsREyDuJHCb7t4,22
kamothe,Kamothe,ChIJrW_BkNPp5zsR_XHBtpZgokU,22
kanakapura,Kanakapura,ChIJRbkbapMVrjsRpRvbB4g3Udc,22
kanakapura,Kanakapura,ChIJF-8GSlFYrjsRQBJDdolpeis,22
kanakapura-road,Kanakapura Road,ChIJU0A-43cVrjsR1coYImVAZw8,23
kandivali-east,Kandivali East,ChIJiVccSjy35zsRw4EfvasM5JY,22
kandivali-west,Kandivali West,ChIJH7IAHse25zsRE1VXffWxdPo,22
kanjumarg-east,Kanjumarg East,ChIJwWODpojH5zsRfqhWpG8VSgg,22
kanjumarg-west,Kanjumarg West,ChIJaaCAi4rH5zsR_DyrvAt8M20,22
kannamangala,Kannamangala,ChIJyfOH584PrjsRExMol6lHRQ8,22
kannamangala,Kannamangala,ChIJP_0LQ7YPrjsRvHRHfe8hvEQ,22
kapur-bawdi,Kapurbawdi,ChIJ9XehxVy55zsRTe3aIiw8-44,22
karanjade,Karanjade,ChIJ7yyqWgvo5zsRIyFG42EDtmY,22
karjat,Karjat,ChIJM6uk0Jz75zsRT1nlkg6PwiQ,21
karve-road,Karve Road,ChIJURZoZfWV5zsREOG58T0rXvA,23
kasara,Kasara,ChIJPbnNhB9-5zsRVmYt51gw1kE,21
kasaravadi,Kasaravadi,ChIJ2dpYd9DO5zsRMTquEgSD-5I,22
kasarvadavali,Kasarvadavali,ChIJsf4NHaK75zsRrtoE8NI2FWE,22
kasavanahalli,Kasavanahalli,ChIJwXS70WoTrjsRCtm_QknbhTA,22
kashimira,Kashimira,ChIJk0ikcGSw5zsR4INsaN6qiPI,22
kasturi-nagar,Kasturi Nagar,ChIJPZK3lTERrjsRGRr-U4tTV6Q,22
katraj,Katraj,ChIJh19lAcHqwjsRyJoM1iAKW8w,22
kattigenahalli,Kattigenahalli,ChIJS2l1DBcZrjsRgLVm-mhm-oY,22
kb-homes,K B Homes,ChIJ27BwXEcSrjsRa4-kKv81Zro,23
kb-homes,KB Homes,ChIJNxp6XEcSrjsRTnUgnTUOLp8,23
kc-college,K.C. College,ChIJ8VfzGejR5zsR0BnkBP50kIk,23
keerthana-enclave,Keerthana Enclave,ChIJDwPLA0cSrjsRIX8FQo91EDE,23
keerthi-gardenia,Keerthi Gardenia,ChIJ0yVWOkESrjsRgw6Z-ZL8qxA,23
kempapura,Kempapura,ChIJkUG6P5QTrjsRU7E3zHscNSg,22
kempapura,Kempapura,ChIJr7N-nQkjrjsRHgn78J3dnUY,22
kempapura,Kempapura,ChIJIWKrXJEmrjsRG2P2CqQo62g,22
kempapura,Kempapura,ChIJ4X4OnpsXrjsRsOcxd8MihE4,22
kempegowda-nagar,Kempegowda Nagar,ChIJM-rxmfYVrjsR5-IgF57RzGc,22
kengeri,Kengeri,ChIJt9ITyTA_rjsRosyJzE7Ju-k,22
kengeri-satellite-town,Kengeri Satellite Town,ChIJeRwWRdk-rjsRQVJoR_1ddic,22
khadakpada,Khadakpada,ChIJm0hFuIeW5zsRpVunRqkFTVI,22
khadakwasla,Khadakwasla,ChIJMewU_JKVwjsRgn3cTDlJzqk,22
khadki,Khadki,ChIJjb3Xh02_wjsRF4gmTEPJvxs,22
khanda-colony,Khanda Colony,ChIJG01cIEjo5zsRXFgzv8M0DHI,22
khandeshwar,Khandeshhwar,ChIJ8dR3Myzo5zsRXKyT3scgtGk,22
khar-east,Khar East,ChIJ23OTzgTJ5zsRUGLSLiY8PW4,22
khar-west,Khar West,ChIJA5D10QTJ5zsR1B-PEtch7T8,22
kharadi,Kharadi,ChIJlaSLKMPDwjsRSgBjOmEz6Dg,22
kharadi-it-park,Kharadi IT Park,ChIJCcFSccXDwjsRYPTcq6fbODE,23
kharghar,Kharghar,ChIJgwvjUxrC5zsR1wl3aJ-yZqc,22
khetwadi,Khetwadi,ChIJbfmM4RbO5zsRI-Mj8eI-GQk,22
khopat,Khopat,ChIJ64Varj255zsR5yLhSRHfMtQ,22
khopoli,Khopoli,ChIJtVCAsBEH6DsRbdjbcWgd_Gg,22
kings-circle,Kings Circle,ChIJXQdn9yvP5zsRhfy-LV3-x0Y,23
kirthi-residency,Kirthi Residency,ChIJpfjTlwkUrjsRT3uXWvR_oD0,23
kodichikkanahalli,Kodichikknahalli,ChIJCzQu9dsUrjsRH3LabKEE1t8,22
kodigehalli,Kodigehalli,ChIJSYBXPB4YrjsRXG35PwkicR8,22
kodihalli,Kodihalli,ChIJBTH3oQUUrjsRjQe1vOqLVIA,22
kodipur,Kodipur,ChIJVQneSLc_rjsRQUhMnUow-G4,22
kogilu,Kogilu,ChIJrY_taqsZrjsRGtdmVYbwe0o,22
kolshet-road,Kolshet Road,ChIJH_kh21W55zsRoGr3hEgTxxo,23
konanakunte,Konanakunte,ChIJdXzxVf0_rjsR23TXdkbWBx0,22
kondhwa,Kondhwa,ChIJT-3xdYrqwjsRSvom9OIVYMw,22
konena-agrahara,Konena Agrahara,ChIJfywAAfETrjsR7dks-MSxAZ8,22
kopar-khairane,Kopar Khairane,ChIJfwmTntrA5zsRFPMcmMccTNU,22
kopri,Kopri,ChIJBZokgd245zsRrzT-8hVtA4M,22
koramangala,Koramangala,ChIJLfyY2E4UrjsRVq4AjI7zgRY,22
koregaon-park,Koregaon Park,ChIJdRIqOE7AwjsR8s8t4TvuyB4,22
kothanur,Kothanur,ChIJAcvFalgXrjsRXDUSLi89xeI,22
kothrud,Kothrud,ChIJnYSvMre_wjsR8ET-s0iLB9Q,22
kr-puram,Krishnarajapuram,ChIJ5-P_yKsRrjsRv1OOyUaHNtg,22
kudlu,Kudlu,ChIJMZLyw1cTrjsR_-2ZqC6Jhcg,22
kumaraswamy-layout,Kumaraswamy Layout,ChIJH0Nivdg_rjsRGVAlM74jy5g,22
kurla-east,Kurla East,ChIJd3RUsL_I5zsRd2dl6bzG92w,22
kurla-west,Kurla West,ChIJlT0pw43I5zsR7ZuEiPpsOuI,22
kushal-campines,Kushal Campines,ChIJvxaFIUcSrjsRcmUQnWRADRo,23
laggere,Laggere,ChIJIxtoJ6g9rjsRJvz69dWozTE,22
lal-bagh,Lal Bagh,ChIJawesqh4CDTkRKkjzukR5Zu4,22
lal-bagh,Lal Bagh,ChIJSei5ezS47TkRAF_P0EpZ7CU,22
lal-bagh,Lal Bagh,ChIJHdPykcEVrjsRIr4v35kLEY4,23
lalbaug,Lalbaug,ChIJlRubxsHFXzkRawVk9hKa_3A,22
langford-road,Langford Road,ChIJX4UaFdEVrjsRud1txvOrjrY,23
langford-town,Langford Town,ChIJM2JjFNIVrjsRhJQzYGy54gY,22
latha-residency,Latha Residency,ChIJ2V8Ua0cSrjsRYtAVFRRaXvw,23
lavelle-road,Lavelle Road,ChIJpUGQsHkWrjsR4cIMRe0GN0E,23
law-college-road,Law College Road,ChIJLyGhGZC_wjsRW7BKDArqeZo,23
laxmi-road,Laxmi Road,ChIJGV0LBXHAwjsRAfpHenBEiZE,23
lb-shastri-nagar,Goregaon West,ChIJEX_SgVC25zsR4z5GacG63aM,22
lb-shastri-nagar,LB Shastri Nagar,ChIJ0-HXouETrjsRLOygAzMjpWY,22
lbs-marg,LBS Marg,ChIJ5bxlXU-w5zsRgPFy7Cg743o,23
lingarajapuram,Lingarajapuram,ChIJVxQ1Zd4WrjsRd3WmfnBfuQQ,22
linking-road,Linking Road,ChIJi6BAZw7J5zsR0_lhVM0e6xc,23
lohegaon,Lohgaon,ChIJmcU-ZqPGwjsRlq7bP3p2w0M,22
lokhandwala,Lokhandwala Road,ChIJra2JRz625zsRl81tspJRBDg,23
lokhandwala,Lokhandwala,ChIJo_3UX2u35zsRPp5ZNisMkH8,22
lotus-heights,Lotus Heights,ChIJ1yBPIjkSrjsR_9Jg-eRpk8w,23
louis-wadi,Louis Wadi,ChIJnz2hgBC55zsRGnt9Dj9yoU8,22
lower-parel,Lower Parel,ChIJh1xIbI3O5zsRwB4tHYLUzv8,22
lulla-nagar,Lulla Nagar,ChIJae8cqoHqwjsRIp12WMCj57w,22
madiwala,Madiwala,ChIJaay65lgUrjsR7RFSyHzHAh0,22
magadi-road,Magadi Road,ChIJA6st58M9rjsRpgmXHjEXBgk,23
magarpatta,Magarpatta,ChIJVYtdJYvBwjsRxePJKqJ_UpM,23
magarpatta-cybercity,Cybercity,ChIJZ5W3EY3BwjsRqQj0duHO3UA,23
magarpatta-cybercity,Magarpatta Cybercity,ChIJp1vK4kjAwjsRsr7Bkqf0-Pg,22
mahadevapura,Mahadevapura,ChIJ5SJ-v20RrjsRdZfVnCnzPf0,22
mahalakshmi-layout,Mahalakshmi Layout,ChIJZ6biFXE9rjsRUjUG5N7M8vM,22
mahalaxmi,Mahalakshmi,ChIJVSrJJIjO5zsR6ELPTIq1DSI,22
mahim,Mahim,ChIJXSvYWi7J5zsRDb6EK24J1KU,22
majestic,Majestic,ChIJi-t8KwUWrjsRlp-L9ykb2_k,22
majiwada,Majiwada,ChIJ2SZP8Ey55zsRTcZXpMHBL4k,22
malabar-hill,Malabar Hill,ChIJLWj-R-PN5zsRiqL9QYx6C0g,22
malad-east,Malad East,ChIJ29eTK8615zsRqLeb_lxemoc,22
malad-west,Malad West,ChIJ5ajjT5G25zsR1LlNnBBk8nM,22
malibu-homes-1,Malibu Homes 1,ChIJy-m7JzkSrjsRwXOlwMuYf-E,23
malibu-homes-2,Malibu Homes 2,ChIJe1pjwTgSrjsRs3Y7z3AzYvc,23
mallathahalli,Mallathahalli,ChIJcZsJOpw-rjsRvrS4-lPkd9U,22
malleshwaram,Malleshwaram,ChIJw895_389rjsRvqWkRnqsut8,22
malvani,Malvani,ChIJUaQFppG25zsR6X9ZUkt7K0Y,22
mandvi,Mandvi,ChIJKxc1IiXO5zsR0wm9U_o4c3Y,22
mankhurd,Mankhurd,ChIJBaxKInjG5zsRw4aucVMMNi8,22
manpada,Manpada,ChIJ6W4clV-55zsR3s4WvsBRW4E,22
manyata-tech-park,Manayata Tech Park,ChIJOTexKW4XrjsRFCRkQmW4S-Y,22
manyata-tech-park,Manyata Tech Park,ChIJZSBm3G0XrjsRuDsC-XQoewU,23
marathahalli,Marathahalli,ChIJVwkdVbQTrjsRGUkefteUeFk,22
marine-lines,Marine Lines,ChIJ7SkwKN7R5zsRmyxEW7c62gU,22
marol,Marol,ChIJvwNzyBHI5zsRVswNuaF8oBY,22
maruthi-nagar,Maruthi Nagar,ChIJoe8PX589rjsRTcUC4t5zTdI,22
maruthi-sevanagar,Maruthi Sevanagar,ChIJOZHiKegWrjsRCZnZz7ZsNuo,22
masjid-bunder,Masjid Bunder Road,ChIJqXMinyTO5zsRcUit69bqCNs,23
masjid-bunder,Masjid Bunder,ChIJ_cvYlSTO5zsRW92Wv48uNnk,22
mathikere,Mathikere,ChIJdwI5uN8XrjsRcayAsQV2Xi8,22
mathru-krupa,Mathru Krupa,ChIJ72z1TsI8rjsRHQmygx4ORKE,23
matunga-east,Matunga East,ChIJz0hr6dDO5zsRJAMt-2lugXo,22
matunga-west,Matunga West,ChIJ18QDXtHO5zsRwK7fdQX1_zg,22
maya-homes,Maya Homes,ChIJyamBZ0cSrjsRzBUArL8pvEw,23
mazgaon,Mazgaon,ChIJQbmSslrO5zsRrHZ4XlwRqxk,22
mira-bhayandar,Mira Bhayandar,ChIJ8crPMVmw5zsR8bxJT-hGfXQ,22
mira-road-east,Mira Road East,ChIJiyn3jEWw5zsRISvf6TnYjkY,22
mira-road-west,Mira Road West,ChIJBai_x7Ox5zsRYZ62lyVUPZU,22
mithibai-college,Mithibai College,ChIJYYfWibjJ5zsRi8MkITUraI4,23
model-colony,Model Colony,ChIJJ2rYS36_wjsRC2GW2x1C2QE,22
ms-ramaiah,MS Ramaiah Building,ChIJKdVERlk9rjsR23YYaLzYGeo,23
ms-ramaiah,MS Ramaiah,ChIJqcxN3d4XrjsRq5ftio29dWA,23
mukund-nagar,Mukund Nagar,ChIJW2XAJhjAwjsRN2MqvxRMREE,22
mulund-east,Mulund East,ChIJLzI5uu245zsRr6tESGMs2oA,22
mulund-west,Mulund West,ChIJA4D_CvK45zsRWTZrGK5NKhY,22
mumbai,Mumbai,ChIJwe1EZjDG5zsRaYxkjY_tpF0,21
mumbai-central,Mumbai Central,ChIJN3GxoW7O5zsR4_XLO7GOGf4,22
mumbra,Mumbra,ChIJufcNhR6_5zsRJF0KANr1k0s,22
mundhaware,Mundhaware,ChIJsShX8K-rwjsRj_FY4WNLYys,22
mundhwa,Mundhwa,ChIJdWKoH4HBwjsRkQCgaKNbpzU,22
munnekolala,Munnekolala,ChIJHwlSfkgSrjsRKadIzM9X1rU,22
murbad,Murbad,ChIJQY5Ae-yL5zsRRhyfEABbgBg,21
murugeshpalya,Murugeshpalya,ChIJob07tPATrjsR4A1c7cr43QE,22
mysore-road,Mysore Road,ChIJ76Jf_7hHrjsR3-NWpBBgH_U,23
mythri-enclave,Mythri Enclave,ChIJAzvBmDM-rjsRIgmInbd3RA0,23
nagarabhavi,Nagarbhavi,ChIJ60v1yDA8rjsRUmUsQ_LIPcg,22
nagasandra,Nagasandra,ChIJdaAEsMk8rjsRuezw__LxILI,22
nagavara,Nagavara,ChIJmR-fxYIXrjsRFhJPTFeJbVM,22
nagawara,Nagawara,ChIJ1Vf_LhMXrjsRdO3wY_-zqCQ,22
nagpada,Nagpada,ChIJi6S3mD_O5zsRiqiuu7hK4Ds,22
nahur,Nahur,ChIJgZIX-Im45zsRyUkd0zFAbMY,23
naigaon-east,Naigaon East,ChIJe3iFTKOv5zsRysuwI2yzu14,22
naigaon-west,Naigaon West,ChIJw4hBnGau5zsRvjsdT-7kH5s,22
nalasopara-east,Nalasopara East,ChIJLY3Fnx-p5zsROtEWtVOSV90,22
nalasopara-west,Nalasopara West,ChIJ66OWnx-p5zsR-fnI3pyTnZE,22
nana-peth,New Nana Peth,ChIJ5fYO9EHAwjsRKMGjYGWewAk,22
nana-peth,Nana Peth,ChIJtU9fHUPAwjsRkLnmPbfZQ2U,22
nana-peth,Nana Peth,ChIJ_2i1HUPAwjsRlULx2MJVp-E,22
nandi-hill,Nandi Hill,ChIJ9RPGKjjksTsR5it95MIAiDg,22
nandi-hill,Nandi Hill,ChIJF-r860XksTsRCGYZWSn3ORY,23
nandini-layout,Nandini Layout,ChIJBbpUnws9rjsRu-v9XfyFTNg,22
narayan-peth,Narayan Peth,ChIJ44ZAwnDAwjsR4ClYd6oLJ_U,22
nariman-point,Nariman Point,ChIJ_5zuW-nR5zsRiEnty5VNfDQ,22
narsee-monjee-college,Narsee Monjee College,ChIJ_f8be7jJ5zsRmUCGCe2EgOE,23
naupada,Naupada,ChIJQcJJcxe55zsRkwZA11BVtgc,22
naupada,Naupada,ChIJHXW12x655zsR7R-L4sgZxx8,22
naupada,Naupada,ChIJd5Gdyhi55zsRg3mgD4MtGv8,22
navi-peth,Navi Peth,ChIJIX7_DYq_wjsRqSM0lIlTVDU,22
neelasandra,Neelasandra,ChIJK9BhdzEUrjsRw4qsUL0sHsQ,22
nelamangala,Nelamangala,ChIJY8pZfYQlrjsRkzL3bbIj7vc,22
nerul,Nerul,ChIJEXVtDsDD5zsR7CgDlh93xK8,22
netra-tech-park,Netra Tech Park,ChIJs-51n4oRrjsRq_RgU6ckaMI,23
new-panvel,New Panvel,ChIJk185ddbp5zsRIed5qjOaJRc,22
new-shivani-paradise-pg,"New Shivani Paradise Gents PG, Green Heights",ChIJU0Xf2DgSrjsR0IWLVq7aKwI,23
new-shivani-paradise-pg,New Shivani Paradise PG,ChIJRbbb3TgSrjsRxyjtlbggGm8,23
nigdi,Nigdi,ChIJu_nybOe5wjsRyMa8IdGmwlE,22
nr-layout,N R Layout,ChIJra5LtAkUrjsRD922nrgpEJ0,22
nr-layout,Nr Layout,ChIJzYmaVggUrjsRXRJ9G0ooNvA,22
nr-layout,Nr Layout,ChIJqzf6yDsRrjsRjwm2YQe3EeM,22
oasis-condominiums,Oasis Condominiums,ChIJz3YeCgkUrjsRlyruivvZ_vE,23
obamma-lane,Obamma Lane,ChIJJxFanwkUrjsRX1C4rYpmYJ4,23
old-airport-road,HAL Airport Road,ChIJWSNe6AUUrjsRm7sKvvLJWyU,23
ombr-layout,OMBR Layout,ChIJNUuzgi0RrjsRR6IN0WErfLY,22
opera-house,Opera House,ChIJuSaaMg7O5zsRGZ9dDh4GjaA,22
oshiwara,Oshiwara,ChIJuXeH1Tm25zsRuAc9mxdKZIE,22
ozone-manay-tech-park,Ozone Manay Tech Park,ChIJQw-Oa7oUrjsRCz_BSELr2jc,23
padmanabha-nagar,Padmanabhanagar,ChIJQXsqcdM_rjsR-6ZlijFCwwc,22
padmavati,Padmavati,ChIJraKwtB_AwjsRUaCJ0--T-uY,22
pai-layout,Pai Layout,ChIJMZ0SlC0VrjsRhJqpAudo1wI,22
pali-hill,Pali Hill,ChIJTYtr7GzJ5zsRm2kKJREU7_I,22
palm-beach-road,Palm Beach Road,ChIJtaRNpsHD5zsRwwEW049qPKg,23
panathur,Panathur,ChIJWfLn1FMSrjsRxDle2oyW4Jc,22
panch-pakhadi,Panch Pakhadi,ChIJGSlk73S55zsRaMTVt5RJ2QY,22
panch-pakhadi,Panch Pakhadi,ChIJRSwvABm55zsRjMWjuGph67M,22
panduranga-nagar,Panduranga Nagar,ChIJQwuC1CQVrjsRruORPxmJRkc,22
panvel,Panvel,ChIJPfIjHz7o5zsRCv3jMcQGoeM,22
parel,Parel,ChIJhzkU__rO5zsR0Hg-23JypRE,22
parvati,Parvati,ChIJa1uva-fqwjsRmKjDjgedmzA,23
pashan,Pashan,ChIJbeR5i-O-wjsRftl3PRq_pYM,22
patlipada,Patlipada,ChIJRy_GjP275zsRY3Wm5bfT1f8,22
paud-road,Paud Road,ChIJ7c9Whrm_wjsRwHYfjzcUlpI,23
pavan-nilaya-boys,Pavan Nilaya Boys,ChIJ81skJzkSrjsRANHSCw6U24c,23
pavani-oakridge,Pavani Oakridge,ChIJ-9tQozgSrjsR9eoLddHOWis,23
pavani-paradise,Pavani Paradise,ChIJefePwjgSrjsReZY83ljvHUc,23
pavani-royale,Pavani Royale,ChIJXxegOTkSrjsRQhVGLMOLzQ4,23
peddar-road,Peddar Road,ChIJxyrpNnTO5zsRZyMHK4mJ3HU,23
peenya,Peenya,ChIJRzY70xY9rjsR3tdmv15q7os,22
phoenix-enclave,Phoenix Enclave,ChIJW5V6wPATrjsRJE1Znpr3Ljw,23
phoenix-tower,Phoenix Tower,ChIJ7Qx2mQkUrjsRiDm9Wzu4utM,23
phursungi,Phursungi,ChIJZ5spRMrpwjsRTerWEjApbds,22
pict-campus,Pict Campus,ChIJR7owUsjqwjsRCKGgqNDdHoc,23
pimpri-chinchwad,Pimpri Chinchwad,ChIJs-q9fze4wjsR-KCnsdplQiw,22
pinewood-golf-links,Pinewoods Golf Links,ChIJA2ZvxwkUrjsR8OlDcsSNnEc,23
pinewood-golf-links,Pinewood Golf Links,ChIJA2ZvxwkUrjsRDfN7LXFspHc,23
poona-college-campus,Poona College Campus,ChIJE7GzTjjAwjsRsrm3Ts6wVA0,23
poona-college-campus,Poona College Campus,ChIJG3VmUDjAwjsR5NdWCWBrCKw,23
poonam-nagar,Poonam Nagar,ChIJ4S_Cwdu35zsRYCMoMkSdYQM,22
port-view-apartment,Port View Apartment,ChIJE5sCAAkUrjsRN-nDDJTDv5M,23
powai,Powai,ChIJQ3sdHAjI5zsRZuOLS8UA8bo,22
prabhadevi,Prabhadevi,ChIJca7aLrrO5zsRzyW0LfAzQAk,22
prabhat-road,Prabhat Road,ChIJfSMnOo-_wjsRYiMLXM1ySfM,23
prashanth-nagar,Prashanth Nagar,ChIJM9l62Ck9rjsRPt6r9s-5ITw,22
prestige-shantiniketan-techpark,Prestige Shantiniketan Techpark,ChIJ9eXuMJQRrjsRI6AKrDSKFyU,23
prestige-tech-park-i,Prestige Tech Park I,ChIJMxln3rMTrjsRwV5_ac4DA1k,23
prestige-tech-park-ii,Prestige Tech Park II,ChIJp49AYLETrjsRSciqrDz_ews,23
primax-park,Primax Park Apartments,ChIJuQEqUwgUrjsRJ5tjT3q5xg4,23
primax-park,Primax Park,ChIJaU7mrAkUrjsR3RzacJhpDtA,23
pune,Pune,ChIJARFGZy6_wjsRQ-Oenb9DjYI,21
pune-railway-station,Pune Railway Station,ChIJp6qQqlnAwjsRJs3QCiHk-YU,23
ra-podar-college,RA Podar College,ChIJG_gwGdjO5zsRRu_GP93z-Kk,23
raey-road,Reay Road,ChIJgzEPZEnO5zsRMhTEGF2EZHU,23
ragavendra-nagar,Ragavendra Nagar,ChIJCaHVFYs8rjsR7kGJH6hn5rg,22
raghav-harmony,Raghav Harmony,ChIJHRTQmAkUrjsRPFghwSCw700,23
raj-residency,Raj Residency,ChIJK_PfS9M_rjsRjeCoWfg3PRM,23
raja-rajeshwari-nagar,RR Nagar,ChIJz5ILsP8-rjsR5pwHymp-1i0,22
rajaji-nagar,Rajaji Nagar,ChIJxfW4DPM9rjsRKsNTG-5p_QQ,22
ramaiah-residency,Ramaiah Residency,ChIJEe2DGgkUrjsRXfDzt1u7e-4,23
ramamurthy-nagar,Ramamurthy Nagar,ChIJNaJG1iERrjsRT4qAaFTsDr8,22
ramnarain-ruia-college,Ramnarain Ruia College,ChIJwfdv9CDP5zsR7AkJQB1-YNc,23
ramohalli,Ramohalli,ChIJ5x_YU1E4rjsR0ORRBWiP2DU,22
ramohalli,Ramohalli,ChIJyRYJTlY4rjsRmupSS9D-8uA,22
rasta-peth,Rasta Peth,ChIJL44sikLAwjsRgT-NZXyHLjU,22
rathna-nest,Rathna Nest Apartments,ChIJxTCLowkUrjsRJHqougXcgJg,23
rathna-nest,Rathna Nest,ChIJ8bxEoQkUrjsRfcZwSzXFFpc,23
rathna-paradise,Rathna Paradise,ChIJm04_qgkUrjsRBtH7BvaVDhs,23
rathna-villa,Rathna Villa,ChIJEw9bngkUrjsR1n0nd-Sc4Wo,23
rathnalaya-apartment,Rathnalaya Apartment,ChIJv_m3nQkUrjsRvdo6ECjM5bg,23
ravoos-daisy,Ravoos Daisy,ChIJfwdY0EYSrjsRR0bBBAJZXfU,23
ravoos-pansy,Ravoos Pansy,ChIJxQDQ0kYSrjsRoJMrwssu_oA,23
ravoos-temple-bells,Ravoos Temple Bells,ChIJQ6PD8UYSrjsRhV-seS2qIN8,23
richards-town,Richards Town,ChIJn9NvifoWrjsRtI4hs3GnUxc,22
richmond-road,Richmond Road,ChIJSwyLbdUVrjsRvBZwu4EixKo,23
richmond-town,Richmond Town,ChIJ06--Y9YVrjsRg91yAhTn0Bk,22
rifco-aruna-apartment,Rifco Aruna Apartments,ChIJi-p6LfcTrjsRifXBa9qkbCM,23
rk-hegde-nagar,R.K. Hegde Nagar,ChIJLZHw0NwZrjsRbWJq6IZ2A-k,22
rkr-villa,RKR Villas,ChIJcQL2tfATrjsR7Ed4pT6YtTI,23
rmv-2nd-stage,RMV 2nd Stage,ChIJ-9JEUM8XrjsRqCyyuUABOfA,22
rmv-2nd-stage,RMV 2nd Stage,ChIJmYe9lcQXrjsR4Qi6hqT1tUE,23
rmv-2nd-stage,RMV Extension Stage 2,ChIJr32gEO8XrjsR-LmE84VCrIo,22
rmv-2nd-stage,RMV 2nd Stage,ChIJV49uIOUXrjsRHHIuYywdjXc,22
rmv-2nd-stage,RMV 2nd Stage,ChIJGT-fj8IXrjsRyVcDF7n-j48,22
rmz-ecospace,RMZ Ecospace Internal Road,ChIJn97mCQoTrjsR5w-Kd5gr1Oo,23
rmz-ecospace,RMZ Ecospace,ChIJYeuQoKATrjsRRurpuUR0KP4,23
rmz-infinity,RMZ Infinity,ChIJ96nJGDYRrjsREIHbc9Xt6UM,23
roadpali,Roadpali,ChIJ10tY1trp5zsRgWOe2ql1mvI,22
roha,Roha,ChIJ-aJCQF0V6DsRk7CBH672m_s,21
rs-villa,RS Villa,ChIJQ7gfBgkUrjsRquZRTkefBPM,23
rt-nagar,RT Nagar,ChIJ2UChwroXrjsRRuO3_8_k5x8,22
ruby-nest,Ruby Nest,ChIJTY-kqAkUrjsRgPLYds5bgOw,23
s-p-college,SP College,ChIJw5Ge2nLAwjsRDvSyDL2AwPM,23
s-p-college,SP College,ChIJKSytEXPAwjsRf6HPFdq0oHQ,23
sadashiv-peth,Sadashiv Peth,ChIJu_fXknPAwjsRgVCzSUCc-tw,22
sadashiva-nagar,Sadashiva Nagar,ChIJiZ7ZfTMWrjsRmHMiIdoLmmw,22
sadduguntepalya,Sadduguntepalya,ChIJWdbtHlMUrjsRggZh-zSF3jw,22
sahakar-nagar,Sahakar Nagar,ChIJG-FfuQLAwjsR05nITzCCavU,22
sahakar-nagar,Sahakar Nagar,ChIJoQbO6arqwjsRqvM1cWFWbjk,22
sahakar-nagar,Sahakar Nagar,ChIJ_5zVBgTAwjsR1ZlSL1AfMQc,22
sahakara-nagar,Sahakara Nagar,ChIJtaiGVyEYrjsRI73rzVluWl0,22
sai-apartments,Sai Apartments,ChIJaRwn1_ATrjsRaR1yXH3swvI,23
sai-residency,Sai Residency,ChIJRRKJcLsRrjsRv026zeca6QQ,23
sai-siri-nilayam,Sai Siri Nilayam,ChIJuU-uIEcSrjsRfLv-ptIQIVw,23
sakinaka,Sakinaka,ChIJUfCyPHfI5zsRNGsjRMlqV0A,22
salarpuria-infinity,Salarpuria Infinity,ChIJD7IZdK4VrjsR7D3xtYTSUz0,23
sameeksha-sadan,Sameeksha Sadan,ChIJDb1GHjkSrjsRbyzrhyptAy4,23
samhita-amrit,Samhita Amrit,ChIJHVrA4EYSrjsRFkV0n9oxVuE,23
sanjay-nagar,Sanjaynagar,ChIJ85O6tekXrjsR13jdBn4Ge-c,22
sanpada,Sanpada,ChIJKe_RV1DB5zsRABa5LxIlIXU,22
santacruz-east,Santacruz East,ChIJc-jG3__I5zsRrpYJ6masoFg,22
santacruz-west,Santacruz West,ChIJYx4vcqfJ5zsRyheminJdJrE,22
saptagiri-homes,Saptagiri Homes,ChIJ6Un2CkcSrjsRI2u_-gi8V88,23
saranya-enclave,Saranya Enclave,ChIJ4V1ASEcSrjsR3DX3mLOlgmU,23
saranya-springs,Saranya Springs,ChIJZf40PkcSrjsR_yj_ccdgfDo,23
sarjapur,Sarjapur,ChIJfyvmH-FyrjsRD0NBLLRY-5A,22
sarjapur-orr,Sarjapur Outer Ring Road,ChIJt6hqQbsTrjsRh2GzI1vhwB0,23
sarjapur-road,Sarjapur Road,ChIJZTnk1Vg8rjsR9ThANUZK1Bw,23
saroj-epic-apartments,Saroj Epic Apartments,ChIJwb2lIDkSrjsRys-2VxdiflE,23
saroj-epic-apartments,Saroj Epic Apartments,ChIJj04PuzYSrjsRTwAOWh2J2zQ,23
saroj-gokulam,Saroj Gokulam,ChIJbSgvXUcSrjsRyb45FwjKD2s,23
saroj-habitat,Saroj Habitat,ChIJV187JEcSrjsRY7xalo6Soxs,23
sarovar-apartments,Sarovar Apartments,ChIJy7SxbeATrjsRh63-C_uomxE,23
sathaye-college,Sathaye College,ChIJY7fXQ7PJ5zsR0XVy0MWG164,23
seawoods,Seawoods,ChIJA90z7JjD5zsRI9pvYwU2jIA,22
senapati-bapat-marg,Senapati Bapat Road,ChIJMVPhf3e_wjsRO2aSq5dHdP0,23
senapati-bapat-marg,Senapati Bapat Marg,ChIJdU6uq-nO5zsRMk_ifO_f9m0,22
senapati-bapat-marg,Senapati Bapat Marg,ChIJvd9i9MPO5zsRzuXlORt9MY8,23
senapati-bapat-marg,Senapati Bapat Marg,ChIJb4gxxnDO3DsRcsJWBGVjz9U,22
seshadripuram,Seshadripuram,ChIJs3aasIJdUjoRVIqgLNGUbp8,22
seshadripuram,Seshadripuram,ChIJJ7TIpz4WrjsRZNYA2yXgwVU,22
sewri,Sewri,ChIJaeYaAgDP5zsRm54RuMitRl0,22
shaniwar-peth,Shaniwar Peth,ChIJne5yV3rAwjsRNa_d6ki2iVE,22
shanthi-nagar,Shanthi Nagar,ChIJ52kcAs4VrjsROc2UmPe_ifU,22
shesha-shyla,Shesha Shyla,ChIJOQRbK_cTrjsRxnwBViej7ww,23
shilphata,Shilphata,ChIJUUJt-X7A5zsR_tB3v748ek0,22
shiva-darshan-apartment,Shiva Darshan Apartment,ChIJdRbsNPcTrjsR0FNDnlLC9rk,23
shiva-enclave,Shiva Enclave,ChIJCYooPfETrjsRTaDyAKqMA3U,23
shivaji-nagar,Shivaji Nagar,ChIJE_Q5EY0RrjsR6bkleAiav30,23
shivaji-nagar,Shivaji Nagar,ChIJew2g0GMWrjsRpH4gRbkDGEI,22
shivaji-nagar,Shivaji Nagar,ChIJS6OaQooWrjsRv3RYtGsJ7fA,22
shivaji-nagar-pune,Shivajinagar,ChIJd1F4HXnAwjsRyD10yoFq2CA,22
shivaji-park,Shivaji Park,ChIJZW2pbM7O5zsRh0qFytryWQg,22
shivaji-road,Shivaji Road,ChIJF70G5WzAwjsRKjdJj7GVmvQ,23
shivani-pg,Shivani Boys PG,ChIJR59XqTgSrjsRDd8ZL6rImO0,23
shivani-pg,Shivani PG,ChIJV6-W3jgSrjsRdDn7R5dEnHc,23
shreekuteera,Shreekuteera,ChIJtbbu2zgSrjsRLXuqPzkeizU,23
sidedahalli,Sidedahalli,ChIJ3boV0UcjrjsRjTw9hYbC5fc,22
sidedahalli,Sidedahalli,ChIJ39stvTcjrjsR_3HsoSIk9dc,22
sidedahalli,Sidedahalli,ChIJS9fpvDcjrjsRdwDLZKhTJ3A,22
sigma-tech-park,sigma tech park,ChIJDQo4uv4NrjsRIhC6L2CPaug,23
silk-board,Silk Board,ChIJIZo0S_EUrjsR_yPLFVLgvHw,22
silk-board,Silk Board,ChIJHX06LvEUrjsRlvszuQ9ApU4,22
singasandra,Singasandra,ChIJrwYt0KwUrjsRrxeLBRxtH8E,22
sinhagad-road,Sinhagad Road,ChIJE76UJnOVwjsRer4c6k1zf3c,23
sinhgad-kondhwa-campus,Sinhgad Kondhwa Campus,ChIJ4cPtZ1PqwjsRmJph2Pl8egQ,23
sinhgad-lonavala-campus,Sinhgad Lonavala Campus,ChIJnYJfco8B6DsR2wHfY-zvgnQ,23
sinhgad-narhe-campus,Sinhgad Narhe Campus,ChIJT8Ee8BCVwjsRhenceUpOPCg,23
sinhgad-vadgaon-ambegaon-campus,Sinhgad Vadgaon Ambegaon Campus,ChIJ_f__P5zIwjsRTAn_YuVXxI0,23
sinhgad-warje-campus,Sinhgad Warje Campus,ChIJJ3lAhS2-wjsRmOct9aiA2ww,23
sion-east,Sion East,ChIJH0-fLbLI5zsRqPN1mtmWPog,22
sion-west,Sion West,ChIJ38-2mM7I5zsR_M7ID2a5clk,22
sir-jj-road,Sir JJ Road,ChIJbXBVIkHO5zsRPnA2wBgIprI,23
smv-layout,SMV Layout,ChIJ31lSi88-rjsR7jiWYCDqmtI,22
spice-garden,Spice Garden,ChIJAQAAAMsTrjsRk_x4TzFTQuM,22
sr-layout,S R Layout,ChIJ5fbyEwkUrjsRGwJd4EV6UmY,22
sri-nilayam,Sri Nilayam,ChIJ0Qg6Bt4PrjsRdP3jyqR4lI4,23
sri-nivasam,Sri Nivasam,ChIJhwhjawkUrjsRxvqjiXu7_TA,23
sri-sai-krishna-pg,Sri Sai Krishna PG,ChIJAek7xTgSrjsRm1ohNwTzj5I,23
sridhara-villa,Sridhar Villa,ChIJBfTuVQgUrjsRI6GGn9k1nHc,23
sridhara-villa,Sridhara Villa,ChIJSZWBVQgUrjsRM8SwW5JObY8,23
srinivasa-apartment,Srinivasa Apartments,ChIJM1FtWFcRrjsRXz-B4o3V7Sk,23
srinivasa-nagar,Srinivasa Nagar,ChIJoXXfRiQ-rjsRiJeIa7CLWxo,22
srirampura,Srirampura,ChIJVX2PEPY9rjsRYbb8uQBFnFc,22
srirampura,Srirampura,ChIJh7FQntAZrjsRvpPruVM0FvE,22
st-johns-road,Saint Johns Road,ChIJRYjrpY4WrjsRtxZhMYwqHNw,23
st-xaviers-college,St. Xaviers Technical Institute,ChIJby_8pi_J5zsRc4rvcxeibPY,23
st-xaviers-college,St Xaviers College,ChIJpQy8nCDO5zsRgrNBo1-1X50,23
subramanyapura,Subramanyapura,ChIJOVXP2cE_rjsRCxFdFJVIm5s,22
sudhama-nagar,Sudhama Nagar,ChIJd0amqd0VrjsRYTI3xTjKLXo,22
sunkadakatte,Sunkadakatte,ChIJxzfCbUc8rjsRpK6OCl_d7xc,22
sunrise-heightsaapartment,Sunrise Heightsaapartment,ChIJTdOMszgSrjsRPYcjOA6hpoQ,23
suraksha-apartment,Suraksha Apartment,ChIJDZfzAAkUrjsR9yj3dbM5z94,23
sushma-residency,Sushma Residency,ChIJqXBMYkcSrjsR-Mgd628dbAU,23
swargate,Swargate,ChIJxRgZJxTAwjsRP01JDD_mPPo,22
t-dasarahalli,T. Dasarahalli,ChIJt2eOptU8rjsRAk3hxUuz2UA,22
t-dasarahalli,T Dasarahalli,ChIJk0oaZdc8rjsRc6hYPWZrbLI,22
t-dasarahalli,T Dasarahalli,ChIJ9UFueNc8rjsR5QZjOQ6DjT0,22
taloja,Taloja,ChIJTSd2ydvB5zsRRqi9t3yzXiQ,22
tardeo,Tardeo,ChIJR0Fhk3PO5zsRyXB0BrhDw5g,22
teen-hath-naka,Teen Hath Naka Flyover,ChIJe7lNDB655zsR8zkJN96qnsM,23
teen-hath-naka,Teen Hath Naka,ChIJ1cQj0h255zsR6ZKou7tMvBs,22
thakurli,Thakurli,ChIJh0_E9e2V5zsRIUqgI_WcNiU,23
thane-east,Thane East,ChIJMwDch9u45zsRsBthRT6zFfM,22
thane-west,Thane West,ChIJ640aCBK55zsRifpsEySY2uM,22
thanisandra,Thanisandra,ChIJtZSxeeEZrjsRHJp4-2SstWs,22
thippasandra,Thippasandra,ChIJqSJrIWQNrjsRwxEQnuILjSU,22
thubarahalli,Thubarahalli,ChIJvYEd4j0SrjsROwh42RxYHgM,22
thurahalli,Thurahalli,ChIJRdTss4I_rjsRHYiNZz5bIHo,22
tilak-nagar,Tilak Nagar,ChIJ-TKPT4mV5zsRrU59JPMuuEc,22
tilak-nagar,Tilak Nagar,ChIJo5XN6E-25zsR6cKuf-Qi7Vc,22
tilak-nagar,Tilak Nagar,ChIJ78Rmy3mW5zsRfqHuwrVwZtc,22
tilak-nagar,Tilak Nagar,ChIJuZ6BeZ7I5zsRHLHSXC8oGbo,22
tilak-nagar,Tilak Nagar,ChIJr8efIP7O5zsRtzjn3oztkM8,22
titwala,Titwala,ChIJOTA8zR6R5zsReUjtcL6A3Bs,22
titwala,Titwala,ChIJuUjFriGR5zsRadnbH9RmF40,22
trombay,Trombay,ChIJa2NwNcHF5zsRSI_8uVIdtJk,22
tumkur-road,Tumkur Road,ChIJeRfQ3G89rjsRF8WcOWxtg1g,23
turbhe,Turbhe,ChIJp6QFYWnB5zsRpm5WfQIuuJY,22
ulhasnagar,Ulhasnagar,ChIJUbqLlEKU5zsR99shPN4_1Cg,22
ullal,Ullal,ChIJdfsa9ag-rjsRVBLMy6xFY6c,22
ulsoor,Ulsoor,ChIJCWWE2o8WrjsRlAtQivbhJqU,22
ulwe,Ulwe,ChIJCRpc4t_C5zsRgwhjiNXET0g,22
upper-indira-nagar,Upper Indira Nagar,ChIJn0fY1b3qwjsR9g9941vqwSI,22
uthalsar,Uthalsar,ChIJX9LbUDm55zsRp3Ms7MD9pPU,22
uttan,Uttan,ChIJBeER2POx5zsRx0PAL11TEHM,22
uttarahalli,Uttarahalli,ChIJy_lzRMY_rjsRJpzi2YyUSjE,23
vaastu-pleasant,Vaastu pleasant,ChIJSawq4DgSrjsRaAB8FhZUBbM,23
vadgaon-budruk,Vadgaon Budruk,ChIJN-3ETESVwjsR55ZmAzNqOq8,22
vakola,Vakola,ChIJN5C6QlXI5zsRdO3ozWMUp-c,22
vars-all-seasons,Vars All Seasons,ChIJS4NGzfATrjsRpyGSyNyZNNg,23
vars-all-seasons,Vars All Seasons,ChIJkxQIzvATrjsRMUo_TBAgFrU,23
vartak-nagar,Vartak Nagar,ChIJtUP-NGy55zsRRfoDq-OLhgU,22
varthur,Varthur,ChIJ2RwJ4YcNrjsRH5hUcGO8n_k,22
vasai-east,Vasai East,ChIJ8ZklYC-v5zsRnYrDvXDBA5I,22
vasai-road,Vasai Road,ChIJ5ypMlMGu5zsR3HtK5UTpMD8,23
vasai-west,Vasai West,ChIJYZzvuiqs5zsRDE8oFauWIlA,22
vasant-vihar,Vasant Vihar,ChIJmYNoGWe55zsREbh3AAFoEBQ,22
vasanth-nagar,Vasanth Nagar,ChIJnxBCOWgWrjsRsCItl8FYIdc,22
vashi,Vashi,ChIJG2iFJgp16DsRy_R-pou6JEM,22
vashi,Vashi,ChIJexAZtTbB5zsRyA--VJe5UoQ,22
vaswani-claremont,Vaswani Claremont,ChIJ_3pxZzkSrjsRVekpn_vi1CA,23
vaswani-tranquil,Vaswani Tranquil,ChIJ083GbTkSrjsRdBxRVyuFMik,23
velankani-tech-park,Velankani Tech Park,ChIJjyPGd5xsrjsRuigTY0VkG80,23
versova,Versova,ChIJW1ERSA-25zsRjywcc97fVkc,22
victoria-layout,Victoria Layout,ChIJ9fjvoS4UrjsRul_4hsX1uJc,22
vidhya-gayatri-homes,Vidhya Gayatri Homes,ChIJUW9UxTgSrjsRYykk8VPN4kY,23
vidyaranyapura,Vidyaranyapura,ChIJ4euNep8irjsRrOfHWdLxgE0,22
vidyavihar,Vidyavihar,ChIJB1vkDYLI5zsR4NkQdOZcTQM,22
vignana-nagar,Vignana Nagar,ChIJzXzVZGERrjsR1GsdGlQdVwU,22
viit-campus,Viit Campus,ChIJKdDVXPTqwjsRElrQNtuhlrA,23
vijaypura,Vijaypura,ChIJI1SHplL8sTsR8_vOVrXDwN8,22
vijaypura,Vijaypura,ChIJBVefklL8sTsRyCv6yIVhd9E,22
vikhroli-east,Vikhroli East,ChIJXUuBfLzH5zsRxp2bjzRb0mo,22
vikhroli-west,Vikhroli West,ChIJrSMt7LjH5zsRJ7bfUqP8buE,22
vile-parle-east,Vile Parle East,ChIJGf3Ah03I5zsRlKgyTF42WRg,22
vile-parle-west,Vile Parle West,ChIJmxXNFcjJ5zsRDS4TgEdXrig,22
viman-nagar,Viman Nagar,ChIJtYQU5kbBwjsRsLO0qPcsSLY,22
vimanapura,Vimanapura,ChIJZ3ACwucTrjsRGFdKFweUU70,22
virar-east,Virar East,ChIJfSXbTK6p5zsR-l-q1RR6Do0,22
virar-west,Virar West,ChIJpcYouEmq5zsRUdJKoUFM_r4,22
vishweshwaraiah-layout,Vishweshwaraiah Layout,ChIJNWHUhSA8rjsR8yV-Z2b7jng,22
vit-campus,Vit Campus,ChIJGWJhD5XqwjsRZPCpzuLaGzI,23
vittal-mallya-road,Vittal Mallya Road,ChIJvULjw3kWrjsRywg8NrzBqEk,23
viveka-nagar,Viveka Nagar,ChIJcbVTSToUrjsRBR_vYBJYS68,22
wadala-east,Wadala East,ChIJ6YagPhjP5zsRq9CQxWlivg8,22
wadala-west,Wadala West,ChIJbYvL5BjP5zsRImndeOZRmh0,22
wadia-college-campus,Wadia College Campus,ChIJsfiQCfnAwjsR0kl4DoyhhhU,23
waghbil,Waghbil,ChIJecmch4W75zsRaCSWk6pgZB8,22
wagholi,Wagholi,ChIJdx8n0D3GwjsRM-MjNBHICd4,22
wagholi,Wagholi,ChIJd_jen4HDwjsR4Es1X5g-GdQ,22
wagle-industrial-estate,Wagle Industrial Estate,ChIJRY_h4w655zsRG1awCYtMdW8,22
wakad,Wakad,ChIJ7RtXr3q5wjsRc2anpWs0Zww,22
walkeshwar,Walkeshwar,ChIJqViHNf3N5zsR5m3guO29wEQ,22
wanowarie,Wanowrie,ChIJ8TQ7l8LBwjsROUGpMh25HMw,22
warje-malwadi,Warje Malwadi,ChIJnRenW3yVwjsRU4jik302Lro,22
whitefield,Whitefield,ChIJg_wNXfMRrjsR-RUB2BKlzzA,22
whitefield,Whitefield,ChIJmc5_yYRxtEwR-Yj35PGst1E,23
whitefield,Whitefield,ChIJX8T5aRYOrjsRukDBUcxZOc4,22
williams-town,Williams Town,ChIJD1q6_PcWrjsRtYQKIPN-oxg,22
wilson-college,Wilson College,ChIJ____rw_O5zsRm31ETiXs3DQ,23
wilson-college,Wilson College,ChIJG2XEzg7O5zsRQDmZbg7h5Jw,23
wilson-college,Wilson College,ChIJQWQlMgnO5zsR6COqqEGOWeo,23
wilson-garden,Wilson Garden,ChIJ65Y-bcYVrjsRjDO0P4atn04,22
wipro-sarjapura,Wipro Sarjapura,ChIJAa6rb8USrjsRLhqnG9vEsjo,23
worli,Worli,ChIJxYw0NJfO5zsR7ABk4Kqrdx8,22
yari-road,Yari Road,ChIJWRNIOwm25zsRLUViSXNRFwg,23
yelachena-halli,Yelachenahalli,ChIJN1Ydr_w_rjsR9eRlgSQVdf4,22
yelachena-halli,Yelachena Halli,ChIJ-2n-YF0VrjsRG2dNmTJ_56Y,22
yelahanka,Yelahanka,ChIJ1dI391YYrjsRL5RdGCCN974,22
yelahanka-new-town,Yelahanka New Town,ChIJXc_ZXWAYrjsRuzsIhmTpHBs,22
yemalur,Yemalur,ChIJe3HE4rgTrjsRPGb8ots1bB8,22
yerawada,Yerawada,ChIJR0DynSDBwjsR5Wdkk4d824k,22
yerawada-it-zone,Yerawada IT Zone,ChIJH7PcT9nAwjsRFK4IL60gRjI,22
yeshwanthpur,Yeshwanthpur,ChIJj0N-IWQ9rjsRxDxWEhcGs9E,22
