roomid,placeid
Air view court,ChIJLUl-nwkUrjsR-kj3cffrxtY
Bajirao Road,ChIJXUiqCnLAwjsRSorZ0Rcb2wU
Bajirao Road,ChIJ_QOZXw3AwjsRl20EMnIDFnA
Bhawani Homes,ChIJz5dKW0cSrjsRXzf5AENy2kQ
Bund Garden Road,ChIJL5h9C_nAwjsRq3JVzJDbN4I
Bund Garden Road,ChIJdQxngk_AwjsRHBjXOs47z8c
CBD Belapur,ChIJYaUX_lLC5zsR3iZti1wjxak
CBD Belapur,ChIJPRjtQq3D5zsRiBsArWRcvNk
CBD Belapur,ChIJ5zy8oUzC5zsRbPdiBWqNXR8
CBD Belapur,ChIJb3qtmEzC5zsRb8h2Fv6FNSE
CBD Belapur,ChIJK2E8S7PD5zsR3YY1J0J4jXM
COEP Campus,ChIJgYN5h2LAwjsRMbJn9Zbc5X4
cotton green,ChIJXX7LJf_O5zsRDcYsjmVh8LA
cotton-green,ChIJgxdD8FbO5zsRbF__WLZZgRM
Dhokali,ChIJ5zb_HVG55zsRYVfmRDUpdiY
Eu castle,ChIJnUfZcgkUrjsRAJkm4k20xiM
Fortuna apartment,ChIJy3svEgkUrjsRHuQdxVdM2ms
GCN Enclave,ChIJyaa4TUcSrjsR3pBrCuRYz24
horamavu,ChIJcVwGKtAQrjsRxXoaRFHZjQA
Jai Hind,ChIJSxArHOfR5zsROBligb6kMis
kasara,ChIJ-bOXc0zO5zsRQ8uLdU-gfOo
KC,ChIJ8VfzGejR5zsR0BnkBP50kIk
K C R Residency,ChIJ7XLNIEcSrjsRuex4sqbxkYg
Keerthana Kings Bliss,ChIJ4QVPEUcSrjsR_R3r1IVN29s
Keerthana Kings Bliss,ChIJ2VNozzgSrjsRGn_um6op4ns
Keerthana Kings Bliss,ChIJrxHQxDgSrjsRZ1GDMw_QRf0
king circle,ChIJXQdn9yvP5zsRhfy-LV3-x0Y
king circle,ChIJG-rOkijP5zsRQznQCTBZxVY
king circle,ChIJtU2jkijP5zsRyThdDvpmwW4
Krithi residency,ChIJpfjTlwkUrjsRT3uXWvR_oD0
KSP Residency,ChIJ1ey4JTkSrjsRtwNqYzOEtrY
Lotus Heights,ChIJ1yBPIjkSrjsR_9Jg-eRpk8w
Lotus Heights,ChIJiy5nIDkSrjsRMRaWIwYcuO4
Lotus Royale PG,ChIJq6qq3jgSrjsRCPMWQ8Shr9I
Ls tranquil,ChIJSWyKdAkUrjsRAVnHlcX6OeE
Malibu Homes 1,ChIJy-m7JzkSrjsRwXOlwMuYf-E
Masjid Bunder,ChIJ_cvYlSTO5zsRW92Wv48uNnk
Mathru krupa,ChIJ-9vlBAkUrjsRlF5jGMb9onY
matunga central,ChIJz0hr6dDO5zsRJAMt-2lugXo
Mythri enclave,ChIJg-ZcqgkUrjsR_G2cz4gVSUk
narsee-monjee-college,ChIJ_f8be7jJ5zsRmUCGCe2EgOE
New Shivani Paradise PG,ChIJRbbb3TgSrjsRxyjtlbggGm8
Palm Beach Road,ChIJtaRNpsHD5zsRwwEW049qPKg
Paud Road,ChIJ7c9Whrm_wjsRwHYfjzcUlpI
Paud Road,ChIJ7c9Whrm_wjsRwHYfjzcUlpI
Pavan Nilaya Boys,ChIJ81skJzkSrjsRANHSCw6U24c
Pavani Oakridge,ChIJHTiawjgSrjsRBR4IfPr5Sr0
Pavani Oakridge,ChIJ-9tQozgSrjsR9eoLddHOWis
Pavani Royale,ChIJXxegOTkSrjsRQhVGLMOLzQ4
Phoenix tower,ChIJYZ9NlwkUrjsRoC11AsN7L10
Phoenix tower,ChIJ7Qx2mQkUrjsRiDm9Wzu4utM
PICT Campus,ChIJR7owUsjqwjsRCKGgqNDdHoc
Pinewood golf links,ChIJA2ZvxwkUrjsRDfN7LXFspHc
Pinewood golf links,ChIJA2ZvxwkUrjsR8OlDcsSNnEc
Poona College Campus,ChIJG3VmUDjAwjsR5NdWCWBrCKw
Port view apartment,ChIJE5sCAAkUrjsRN-nDDJTDv5M
RA Podar College,ChIJG_gwGdjO5zsRRu_GP93z-Kk
Raghav harmony,ChIJHRTQmAkUrjsRPFghwSCw700
Raj residency,ChIJkyk1vQkUrjsRqORz0dhYco4
Raj residency,ChIJxyWG1LUVrjsRKNKsS0Ribts
Raj residency,ChIJFaHxfik-rjsRrCYSBfNxYQk
Ramaiah residency,ChIJEe2DGgkUrjsRXfDzt1u7e-4
Ramaiah residency,ChIJMe9KDwkUrjsRnoNXOrUm0Jc
Rathna paradise,ChIJm04_qgkUrjsRBtH7BvaVDhs
Rathna villa,ChIJEw9bngkUrjsR1n0nd-Sc4Wo
RS villa,ChIJQ7gfBgkUrjsRquZRTkefBPM
RS villa,ChIJ91RmdQkUrjsRFEjkQvJ22f4
Ruby nest,ChIJB_B9qAkUrjsRreeUGgDq8Bw
Samhita Amrit,ChIJHVrA4EYSrjsRFkV0n9oxVuE
Saptagiri Homes,ChIJ6Un2CkcSrjsRI2u_-gi8V88
Saranya Enclave,ChIJ4V1ASEcSrjsR3DX3mLOlgmU
Saroj Epic Apartments,ChIJwb2lIDkSrjsRys-2VxdiflE
Saroj Epic Apartments,ChIJj04PuzYSrjsRTwAOWh2J2zQ
Sarovar Apartments,ChIJJ048nTgSrjsR7kEtlUJfYNs
Sarovar Apartments,ChIJy7SxbeATrjsRh63-C_uomxE
Shivani PG,ChIJV6-W3jgSrjsRdDn7R5dEnHc
Sinhgad Warje Campus,ChIJJ3lAhS2-wjsRmOct9aiA2ww
Sri lorven classic,ChIJhwhjawkUrjsRxvqjiXu7_TA
Sri Sai Krishna PG,ChIJAek7xTgSrjsRm1ohNwTzj5I
Srinivasa apartment,ChIJ____v50TrjsRbejOEiymSBg
Srinivasa apartment,ChIJM1FtWFcRrjsRXz-B4o3V7Sk
Xaviers,ChIJpQy8nCDO5zsRgrNBo1-1X50
Sunrise Heights Apartment,ChIJTdOMszgSrjsRPYcjOA6hpoQ
Teen Hath Naka,ChIJ1cQj0h255zsR6ZKou7tMvBs
Tilak Road,ChIJ3-cegS7G5zsRI3hGe5FxabI
Tilak Road,ChIJdRcx_qfJ5zsRnFgO6Jlhcf8
Tilak Road,ChIJiamjoIuV5zsR9pfaYF9dPFg
Vaswani Claremont,ChIJ_3pxZzkSrjsRVekpn_vi1CA
"Wipro, Sarjpura",ChIJAa6rb8USrjsRLhqnG9vEsjo
Sai Siri Nilayam,ChIJuU-uIEcSrjsRfLv-ptIQIVw
Keerthana Enclave,ChIJDwPLA0cSrjsRIX8FQo91EDE
Ravoos Pansy,ChIJxQDQ0kYSrjsRoJMrwssu_oA
Ravoos Daisy,ChIJfwdY0EYSrjsRR0bBBAJZXfU
Keerthi Gardenia,ChIJ0yVWOkESrjsRgw6Z-ZL8qxA
Jeevan Samskruthi Apartment,ChIJ5zkhc0cSrjsRzx2gIaUp398
Latha Residency,ChIJ2V8Ua0cSrjsRYtAVFRRaXvw
Saroj Habitat,ChIJV187JEcSrjsRY7xalo6Soxs
Kushal Campines,ChIJvxaFIUcSrjsRcmUQnWRADRo
Saranya Springs,ChIJZf40PkcSrjsR_yj_ccdgfDo
K B Homes,ChIJ27BwXEcSrjsRa4-kKv81Zro
Saroj Gokulam,ChIJbSgvXUcSrjsRyb45FwjKD2s
Maya Homes,ChIJyamBZ0cSrjsRzBUArL8pvEw
Sushma Residency,ChIJqXBMYkcSrjsR-Mgd628dbAU
Pavani Oakridge,ChIJefePwjgSrjsReZY83ljvHUc
Vidhya Gayatri Homes,ChIJUW9UxTgSrjsRYykk8VPN4kY
Ashiwana Apartments,ChIJ81FK5jgSrjsRNkavqn4RfTM
Shreekuteera,ChIJtbbu2zgSrjsRLXuqPzkeizU
Balaji Apartment,ChIJbznd2zgSrjsRh4Frrnd89zw
Malibu Homes 2,ChIJe1pjwTgSrjsRs3Y7z3AzYvc
Sameeksha Sadan,ChIJDb1GHjkSrjsRbyzrhyptAy4
Casa Di Mosa,ChIJvYx2ITkSrjsRghzaZR1J4Bw
Vaastu pleasant,ChIJSawq4DgSrjsRaAB8FhZUBbM
Vaswani Tranquil,ChIJ083GbTkSrjsRdBxRVyuFMik
Oasis condominiums,ChIJz3YeCgkUrjsRlyruivvZ_vE
Yerawada IT Zone,ChIJH7PcT9nAwjsRFK4IL60gRjI
Yerawada,ChIJR0DynSDBwjsR5Wdkk4d824k
Warje Malwadi,ChIJnRenW3yVwjsRU4jik302Lro
Upper Indira Nagar,ChIJn0fY1b3qwjsR9g9941vqwSI
Swargate,ChIJxRgZJxTAwjsRP01JDD_mPPo
Sanghavi,ChIJWx2B-POtwjsRDhYPPgDFJNE
Sahakar Nagar,ChIJoQbO6arqwjsRqvM1cWFWbjk
Pimpri Chinchwad,ChIJs-q9fze4wjsR-KCnsdplQiw
Pune Railway Station,ChIJjfYCF1nAwjsR3f3JVrgVWOo
Pune,ChIJARFGZy6_wjsRQ-Oenb9DjYI
Prabhat Road,ChIJfSMnOo-_wjsRYiMLXM1ySfM
Prabhat Road,ChIJbWddtgW5wjsRz0Za-ffe3xM
Pashan,ChIJbeR5i-O-wjsRftl3PRq_pYM
Parvati,ChIJa1uva-fqwjsRmKjDjgedmzA
Padmavati,ChIJraKwtB_AwjsRUaCJ0--T-uY
Mohammadwadi,ChIJzdjmzRLqwjsRaK2MaFTjusE
Kondhwa,ChIJT-3xdYrqwjsRSvom9OIVYMw
Kharadi IT Park,ChIJaf99UmHBwjsReiutf7XZ7Ag
Kharadi,ChIJlaSLKMPDwjsRSgBjOmEz6Dg
Khadki,ChIJjb3Xh02_wjsRF4gmTEPJvxs
Hinjawadi Phase 3,ChIJhaG8whK7wjsR9Nx6YsOfh7M
Hinjawadi Phase 2,ChIJfegPZ6W7wjsRSodqN_tgLe4
Hadapsar,ChIJ6arxgf_pwjsRU4usVTU0YCU
Fatima Nagar,ChIJW6k-38XBwjsRdfgu_hK3nUo
Erandwana,ChIJw_ByX4u_wjsRepsU4gtM_wk
Dhayari,ChIJf-VhVRqVwjsRINYYwot-Abs
Chinchwad,ChIJodHDU6W5wjsRiJHgMXaUnps
Baner,ChIJy9Nd8M--wjsRfat_-5cSkaE
Balewadi,ChIJnQkoQTa5wjsRX5YpGZAuiUM
Bharti Vidyapeeth Dhankawadi Campus,ChIJ70PSxMfqwjsRaG5rg9bWvZg
Primax park,ChIJuQEqUwgUrjsRJ5tjT3q5xg4
Sridhara villa,ChIJBfTuVQgUrjsRI6GGn9k1nHc
Sinhgad Vadgaon and Ambegaon Campus,ChIJFcoM5U2VwjsRVruCiRCHvKE
Nigdi,ChIJu_nybOe5wjsRyMa8IdGmwlE
Navi Peth,ChIJIX7_DYq_wjsRqSM0lIlTVDU
Nana Peth,ChIJ5fYO9EHAwjsRKMGjYGWewAk
Narayan Peth,ChIJ44ZAwnDAwjsR4ClYd6oLJ_U
Mundhawa,ChIJdWKoH4HBwjsRkQCgaKNbpzU
Budhawar Peth,ChIJm060u2jAwjsRu8UYeU6YdTs
IIT Bombay,ChIJU6StiAe45zsRwu-jReYYL24
CST,ChIJE81GBI3I5zsRtKr1c05RNrE
Naupada,ChIJd5Gdyhi55zsRg3mgD4MtGv8
Ghodbandar,ChIJxUa2KHOw5zsRgJN7vo2QEVY
Waghbil,ChIJecmch4W75zsRaCSWk6pgZB8
Dhokali,ChIJ5zb_HVG55zsRYVfmRDUpdiY
Panch Pakhadi,ChIJRSwvABm55zsRjMWjuGph67M
Mumbra,ChIJC1FJcxG_5zsRcV0HQ4qLFMg
Patlipada,ChIJRy_GjP275zsRY3Wm5bfT1f8
Thane East,ChIJMwDch9u45zsRsBthRT6zFfM
Vasant Vihar,ChIJmYNoGWe55zsREbh3AAFoEBQ
Diva,ChIJTyU_ZKq_5zsR78IBNejah_w
Kolshet Road,ChIJH_kh21W55zsRoGr3hEgTxxo
Vartak Nagar,ChIJtUP-NGy55zsRRfoDq-OLhgU
Shilphata,ChIJUUJt-X7A5zsR_tB3v748ek0
Juinagar,ChIJe8MFVODD5zsR0YEZgJcFfDA
Roadpali,ChIJ10tY1trp5zsRgWOe2ql1mvI
Seawoods,ChIJA90z7JjD5zsRI9pvYwU2jIA
Kalamboli,ChIJeWXYy9bp5zsRSL0ud49oUhs
Karanjade,ChIJ7yyqWgvo5zsRIyFG42EDtmY
Thurahalli,ChIJRdTss4I_rjsRHYiNZz5bIHo
Sarjapur Road,ChIJTazUtlg8rjsRWkg-dvcfy7g
Ghansoli,ChIJy0_9CK7A5zsRf5UOcww2Kes
Kamothe,ChIJrW_BkNPp5zsR_XHBtpZgokU
Kopar Khairane,ChIJfwmTntrA5zsRFPMcmMccTNU
Vashi,ChIJexAZtTbB5zsRyA--VJe5UoQ
Ulwe,ChIJCRpc4t_C5zsRgwhjiNXET0g
T Dasarahalli,ChIJt2eOptU8rjsRAk3hxUuz2UA
Vimanapura,ChIJZ3ACwucTrjsRGFdKFweUU70
Sadasiva Nagar,ChIJiZ7ZfTMWrjsRmHMiIdoLmmw
Nandini Layout,ChIJBbpUnws9rjsRu-v9XfyFTNg
Koramangala,ChIJLfyY2E4UrjsRVq4AjI7zgRY
Khetwadi,ChIJbfmM4RbO5zsRI-Mj8eI-GQk
Nagpada,ChIJi6S3mD_O5zsRiqiuu7hK4Ds
Khar East,ChIJ23OTzgTJ5zsRUGLSLiY8PW4
Kalbadevi,ChIJG7sKKCLO5zsR_H6x-j9HG_k
Dindoshi,ChIJaSgK3we35zsRlz6d-6a9FHY
Raja Rajeshwari Nagar,ChIJz5ILsP8-rjsR5pwHymp-1i0
Maruthi Nagar,ChIJoe8PX589rjsRTcUC4t5zTdI
Magadi Road,ChIJA6st58M9rjsRpgmXHjEXBgk
Dharavi,ChIJNS2_KtfI5zsRLqgq32KxoFs
Deonar,ChIJA-bLbAzG5zsRypVBMo5YZN0
Breach Candy,ChIJLQBHqdjN5zsRon7MDtgXcRc
Nahur,ChIJgZIX-Im45zsRyUkd0zFAbMY
Majestic,ChIJi-t8KwUWrjsRlp-L9ykb2_k
Kodigehalli,ChIJSYBXPB4YrjsRXG35PwkicR8
Kashimira,ChIJk0ikcGSw5zsR4INsaN6qiPI
Murbad,ChIJQY5Ae-yL5zsRRhyfEABbgBg
Gokuldham,ChIJnQ6ESqG35zsRDWnQa32UJ0M
Khadakpada,ChIJm0hFuIeW5zsRpVunRqkFTVI
Peddar Road,ChIJzzzTlHbO5zsR4N-KdDKMTiQ
Peddar Road,ChIJxyrpNnTO5zsRZyMHK4mJ3HU
Thanisandra,ChIJtZSxeeEZrjsRHJp4-2SstWs
Kodipur,ChIJVQneSLc_rjsRQUhMnUow-G4
Walkeshwar,ChIJqViHNf3N5zsR5m3guO29wEQ
Girgaon,ChIJvVg5PBDO5zsRovVU-jWOYgk
Kalyan-Shil Road,ChIJQaPc3L2V5zsR2XAuun1tiU0
Yari Road,ChIJWRNIOwm25zsRLUViSXNRFwg
Kasavanahalli,ChIJwXS70WoTrjsRCtm_QknbhTA
Jeevanbheema Nagar,ChIJS746mP4TrjsR7JZcPztktRA
ITPL,ChIJsfXBxuIRrjsRNP6p8cA0gAk
Jalahalli West,ChIJ2QlXyjM9rjsR0Q08_aU_SwQ
Jalahalli Cross,ChIJlY1FFyc9rjsR7EYyqPyyYlU
Jakkur,ChIJV1_PmNAZrjsRT7Fcs9RvnLA
ISRO Layout,ChIJZa4RO94_rjsRbMsauCo4468
Jayamahal,ChIJuSFvvlAWrjsRbkPtTgU9kB8
HRBR Layout,ChIJIeeB6isXrjsRmg3CP1jNkX4
Ashok Nagar,ChIJkTGsYIAWrjsRXONhIHn9BD4
Anjanapura,ChIJZcG6lqNqrjsRj57kC9KFAsQ
Harlur,ChIJvSKk8l0TrjsR-HIecV2eyDI
Hoodi,ChIJD1FpvJMRrjsRSPg6XJzpz5I
Malad East,ChIJ29eTK8615zsRqLeb_lxemoc
M.S. Ramaiah,ChIJV6PGgt4XrjsR6sY3qawCzdQ
S R Layout,ChIJ5fbyEwkUrjsRGwJd4EV6UmY
Ejipura,ChIJS0y-ikIUrjsRFN3g6O5_Jgw
Chintamani,ChIJ4c4rbVYEsjsRko68C_jpasE
Dommasandra,ChIJsQzJn61yrjsRaEV85C15AQw
Chikkabidarakallu,ChIJ3z1mibM8rjsR2Ig_uvultOA
Chikkaballapur,ChIJQW-c82DlsTsRKsrp6tUI33E
Chikbanavara,ChIJa20mhRcjrjsRU73vbYXOuFQ
Adugodi,ChIJRTHEy0sUrjsRV_BYNOUtpu4
Devarachikkana Halli,ChIJk5DZ9ckUrjsRLqrruBrEf_M
Devanahalli,ChIJG5NCqX0drjsRwMNCtQZ6U7k
Chikkanahalli,ChIJc6Hd7PT8sTsR1ABA-UP1TuM
Dasarahalli,ChIJU8xDTd8FrjsRggcWSAZi-Tw
Chickpet,ChIJ54y19ggWrjsRPKWxs8ydVc0
Doddenakundi,ChIJ6YCFXX4RrjsRNSycZt5Eeh0
Cessna Business Park,ChIJ5VaF8K0TrjsR9bX-Q6RJqcc
Budigere,ChIJrbWTGbUErjsRyrXbxSeHOOs
Brigade Tech Park,ChIJw9HZWuMRrjsR6N7BzDbSZ28
Dollars Colony,ChIJacTDi-EXrjsRy02b4FsCwAs
Bommasandra,ChIJ4XWn7zdsrjsRxFkskzA5aL8
Battarahalli,ChIJIdnHnVYQrjsRvAq4Ikolxb4
Basaveshwara Nagar,ChIJu2vRsqI9rjsRZy0viMNvrWM
Basavanagudi,ChIJqfs4p5IVrjsRx2LhtOBKArk
Bannerghatta Road,ChIJscTYemxqrjsRGslptIz_z_U
B.A.Tech Park,ChIJGVJUECQXrjsR-DB5Jgiof2k
Attiguppe,ChIJiTQWoHA-rjsRA1gk1vXbLBA
Attibele,ChIJQRrg0oIDrjsRDRCCbXSoD0M
Anjaneya Complex,ChIJszkvoAUUrjsRThkhdRgwMtE
Andrahalli,ChIJJ7z4dYg8rjsRtXDJI0xzwfY
Amrutha Halli,ChIJE4BVAi4YrjsRixZDPvxJlyc
Akshayanagar,ChIJ6bvUfi5rrjsR1bHxnKWR7QA
Bagalakunte,ChIJHbJ6Zc08rjsRXyOzViFM7so
Laxmi Road,ChIJGV0LBXHAwjsRAfpHenBEiZE
Kothrud,ChIJnYSvMre_wjsR8ET-s0iLB9Q
Gokhale Nagar,ChIJP5pW_Jm_wjsR7YLsaT1cXrc
Dhankawadi,ChIJ3TLxhrfqwjsR8yBKajO8c34
Camp,ChIJwYkQn0zAwjsR1J-40am3xwo
Bhandarkar Road,ChIJS6xjc4a_wjsRsKsOw7UvtBQ
Aundh Rd,ChIJnwtCjSjUwzsRdM6mMHwftmU
Aundh,ChIJmZeTbnPRwzsRSPUNoa4MLY4
Akurdi,ChIJy-hUKcC5wjsR8ibV4Y1wXVI
Kattigenahalli,ChIJS2l1DBcZrjsRgLVm-mhm-oY
Kalyan Nagar,ChIJGVJUECQXrjsR-DB5Jgiof2k
Peenya,ChIJRzY70xY9rjsR3tdmv15q7os
kadugodi,ChIJERs-PT4OrjsRu70kITZTReA
Huskur,ChIJA0-97BhtrjsRw4pocjvZ0IE
Hombegowda Nagar,ChIJf6fYU7gVrjsRm4oNUBcrcXo
Sadduguntepalya,ChIJWdbtHlMUrjsRggZh-zSF3jw
Ramohalli,ChIJyRYJTlY4rjsRmupSS9D-8uA
Nelamangala,ChIJY8pZfYQlrjsRkzL3bbIj7vc
Infantry Road,ChIJCVaGfWMWrjsR5pPBW0UK0Is
Hongasandra,ChIJS6gB7MAUrjsRoXBMeJaXm_M
Old Airport Road,ChIJDc1N_cMTrjsRpQheBVeATTY
Mysore Road,ChIJE6SGbgF8pTsRIckugGWy1Z8
OMBR Layout,ChIJNUuzgi0RrjsRR6IN0WErfLY
Kogilu,ChIJrY_taqsZrjsRGtdmVYbwe0o
Velankani Tech Park,ChIJjyPGd5xsrjsRuigTY0VkG80
Mahalakshmi Layout,ChIJZ6biFXE9rjsRUjUG5N7M8vM
Electronic City Phase II,ChIJ-YRO7PJsrjsR2X90TlrzbHg
Doddaballapur,ChIJoyNj6TjesTsRYxHY5TJrkL8
Chandapura,ChIJb8YdYdttrjsR8iZf3jhBSb4
Bommanahalli,ChIJfRkUyO4UrjsR6XFi8njTCs8
Bhuvaneshwari Nagar,ChIJPYWlXr8-rjsRiIWhsvLNrig
Azad Nagar,ChIJ1zE8AgU-rjsRlZpsze_xr90
Laggere,ChIJIxtoJ6g9rjsRJvz69dWozTE
Yeshwanthpur,ChIJj0N-IWQ9rjsRxDxWEhcGs9E
Yemalur,ChIJe3HE4rgTrjsRPGb8ots1bB8
Madiwala,ChIJaay65lgUrjsR7RFSyHzHAh0
Victoria Layout,ChIJ9fjvoS4UrjsRul_4hsX1uJc
Varthur,ChIJ2RwJ4YcNrjsRH5hUcGO8n_k
Kempapura,ChIJkUG6P5QTrjsRU7E3zHscNSg
Srinivasa Nagar,ChIJoXXfRiQ-rjsRiJeIa7CLWxo
Kasturi Nagar,ChIJPZK3lTERrjsRGRr-U4tTV6Q
RT Nagar,ChIJ2UChwroXrjsRRuO3_8_k5x8
Richmond Town,ChIJ06--Y9YVrjsRg91yAhTn0Bk
Richmond Road,ChIJuSFEtioUrjsRCKygw_ln5m0
Nagasandra,ChIJdaAEsMk8rjsRuezw__LxILI
Lingarajapuram,ChIJVxQ1Zd4WrjsRd3WmfnBfuQQ
Lavelle Road,ChIJpUGQsHkWrjsR4cIMRe0GN0E
Langford Town,ChIJM2JjFNIVrjsRhJQzYGy54gY
Langford Road,ChIJX4UaFdEVrjsRud1txvOrjrY
Vijaypura,ChIJBVefklL8sTsRyCv6yIVhd9E
St. Johns Road,ChIJRYjrpY4WrjsRtxZhMYwqHNw
Panathur,ChIJWfLn1FMSrjsRxDle2oyW4Jc
Kammasandra Agrahara,ChIJL33QBqlvrjsREyDuJHCb7t4
GNR Tech park,ChIJ0f6duboUrjsR3tVK9Qvo2WI
Haudin Road,ChIJ3Q7kyIQWrjsRvn56VznHp_g
Gayatri Tech Park,ChIJ_codfiASrjsRJlka83KhikQ
Sarjapur Outer Ring Road,ChIJb2E0HY8UrjsRt2Ogow31b-w
"Electronic City, Phase 1",ChIJZ_hTxoRsrjsR-So1cnwXt6I
"HCL Technologies, Whitefield",ChIJB7QqLPQRrjsRtZflHrPW8XM
Tumkur Road,ChIJ-f7K3xkprjsR2XgCtne3Kz8
Jaya Chamarajendra Nagar,ChIJx1FDAFIWrjsRfKkTmrvQthI
Kadabagere,ChIJe8MJ6K47rjsR2rkLfy4HSkQ
Gandhi Nagar,ChIJLbCt8w8XrjsRMknX1n9FeQQ
Hulimavu,ChIJlWpoKNRqrjsRnkhk-wJHg58
HBR Layout,ChIJe33LDjsXrjsRz6kBCnbnsdQ
Kengeri,ChIJt9ITyTA_rjsRosyJzE7Ju-k
HAL,ChIJBySRbaoWrjsRTBwAtBhrFy4
Cooke Town,ChIJnaEfiuUWrjsRO2mK_rQJYxU
Whitefield,ChIJg_wNXfMRrjsR-RUB2BKlzzA
Sanjay Nagar,ChIJ85O6tekXrjsR13jdBn4Ge-c
RMZ Infinity,ChIJ96nJGDYRrjsREIHbc9Xt6UM
Prestige Tech Park II (Outer Ring Road),ChIJp49AYLETrjsRSciqrDz_ews
Prestige Tech Park I (Outer Ring Road),ChIJMxln3rMTrjsRwV5_ac4DA1k
Marathahalli,ChIJVwkdVbQTrjsRGUkefteUeFk
Manyata Tech Park,ChIJ331OlGEXrjsRrQP8TnDT7oM
H S R Layout,ChIJzW7cv5EUrjsRecj7OYRxMvI
Global Village Tech Park,ChIJueQSMOM-rjsRBIBCAI-AADE
EmbassyTech Village,ChIJZchmNawTrjsRZDTROuQYaZs
CV Raman Nagar,ChIJywiewU8RrjsR6WUvFJFcNvU
Chikkajala,ChIJiQVo_b4erjsRCJR7whFWihU
Belathur,ChIJbU60yXAWrjsR4E9-UejD3_g
Ramamurthy Nagar,ChIJNaJG1iERrjsRT4qAaFTsDr8
Mahadevapura,ChIJ5SJ-v20RrjsRdZfVnCnzPf0
J P Nagar,ChIJK6dJcw0VrjsRRj3d4aE-0PM
Vidyaranyapura,ChIJ4euNep8irjsRrOfHWdLxgE0
Subramanyapura,ChIJOVXP2cE_rjsRCxFdFJVIm5s
Sigma Tech Park,ChIJDQo4uv4NrjsRIhC6L2CPaug
Salarpuria Infinity,ChIJD7IZdK4VrjsR7D3xtYTSUz0
RMZ Ecospace,ChIJ7dgtPAoTrjsR15qkfCdsBic
Hoskote,ChIJG9pLtngFrjsRiC9fWki2JBc
Netra Tech Park,ChIJs-51n4oRrjsRq_RgU6ckaMI
Sarjapur,ChIJfyvmH-FyrjsRD0NBLLRY-5A
Ravoos Temple Bells,ChIJWSygP-1YrjsRPJ_2TuLLczY
Kaggadasapura,ChIJLy0ycl0RrjsRPDtUMy_Imnc
International Tech Park (ITPL),ChIJM06bKOURrjsRT4FRUbtpobQ
IBC Knowledge Park,ChIJu-PBlK0VrjsRCIpQmWCt5pM
"Harita IT Park, Electronic City",ChIJEzoXWYdsrjsRnV5kEO2XaVQ
Bagaluru,ChIJS7iGHukbrjsRTXpQSHZ1QtM
Malleshwaram,ChIJw895_389rjsRvqWkRnqsut8
Ganga Nagar,ChIJMT6KEbcXrjsRmE6Je24lUy8
Dabaspete,ChIJh8IaV4LVsTsR7ie2AKINJaM
Prestige Shantiniketan Techpark,ChIJ9eXuMJQRrjsRI6AKrDSKFyU
Amrita university bangalore,ChIJ8T-al0cTrjsRNcZN56OrnbY
Embassy Golf Links Business Park,ChIJBSCmOAwUrjsRo74fKgI_Q9E
Brookefield,ChIJMXz1nyQSrjsRapXq4IDC75I
Cyber Park,ChIJk75Sy4dsrjsRlo-6BXPwGL8
Nandi Hill,ChIJF-r860XksTsRCGYZWSn3ORY
Cox Town,ChIJKdjjJ-wWrjsRS8QhpJ5rUeU
raey road,ChIJCUhJYUnO5zsRYuSYH3d60_A
dockyard,ChIJf42xcEnO5zsRhSJ5sf-tObA
Uthalsar,ChIJX9LbUDm55zsRp3Ms7MD9pPU
Sarjapur Attibele Road,ChIJMW_R1-RyrjsRDhSBR5icUS0
Airoli,ChIJq7XYPVK_5zsRYdphOfen6Z0
New Panvel,ChIJk185ddbp5zsRIed5qjOaJRc
Nerul,ChIJEXVtDsDD5zsR7CgDlh93xK8
Ravoos Temple Bells,ChIJQ6PD8UYSrjsRhV-seS2qIN8
Shesha Shyla,ChIJOQRbK_cTrjsRxnwBViej7ww
Sai Apartments,ChIJaRwn1_ATrjsRaR1yXH3swvI
Shiva enclave,ChIJCYooPfETrjsRTaDyAKqMA3U
Jubliee Meredian,ChIJadre2PATrjsRR--s3d0layY
Phoenix Enclave,ChIJW5V6wPATrjsRJE1Znpr3Ljw
Sai Residency,ChIJ1Zue2_ATrjsRw8Xf5eNNQjs
Vars all seasons,ChIJkxQIzvATrjsRMUo_TBAgFrU
Rifco aruna apartment,ChIJi-p6LfcTrjsRifXBa9qkbCM
Shiva darshan apartment,ChIJCX_oNPcTrjsR3VZwX98WSOE
RKR villa,ChIJcQL2tfATrjsR7Ed4pT6YtTI
Sri nivasam,ChIJCclfyfATrjsRk60bbj9ioCM
Sri nilayam,ChIJO6MCyfATrjsRNfglYs4DaRQ
Konena agrahara,ChIJfywAAfETrjsR7dks-MSxAZ8
Elite Apartment,ChIJDXzOzUYSrjsRfRyeZDsRekM
Panvel,ChIJPfIjHz7o5zsRCv3jMcQGoeM
Kharghar,ChIJgwvjUxrC5zsR1wl3aJ-yZqc
Antop Hill,ChIJX8kzsDDP5zsRMsh9wxOp1g4
Sir JJ Road,ChIJbXBVIkHO5zsRPnA2wBgIprI
Trombay,ChIJa2NwNcHF5zsRSI_8uVIdtJk
Linking Road,ChIJi6BAZw7J5zsR0_lhVM0e6xc
Mandvi,ChIJKxc1IiXO5zsR0wm9U_o4c3Y
Uttan,ChIJBeER2POx5zsRx0PAL11TEHM
Wilson Garden,ChIJ65Y-bcYVrjsRjDO0P4atn04
Thippasandra,ChIJqSJrIWQNrjsRwxEQnuILjSU
RMV 2nd Stage,ChIJr32gEO8XrjsR-LmE84VCrIo
R K Hegde Nagar,ChIJLZHw0NwZrjsRbWJq6IZ2A-k
Old Madras Road,ChIJay6TJ7EWrjsRM7vA_Yph8fM
Neelasandra,ChIJK9BhdzEUrjsRw4qsUL0sHsQ
"Millers Road, bangalore",ChIJHY0vCVwWrjsRkiQk4Ny7PFs
Mallathahalli,ChIJcZsJOpw-rjsRvrS4-lPkd9U
Gamdevi,ChIJk9w60w3O5zsRv5PhO1Smjq0
Nariman Point,ChIJ_5zuW-nR5zsRiEnty5VNfDQ
Pali,ChIJTYtr7GzJ5zsRm2kKJREU7_I
Cuffe Parade,ChIJK0B1dZPR5zsRJEbRNwxOWd8
S V Road,ChIJrw-Z1za25zsRlebO5Gf2AQw
J B Nagar,ChIJt8_u6TjI5zsRR9eE5rMK45A
Haji Ali,ChIJ8xjv0nvO5zsRVc_QGUqcfOg
Church Gate,ChIJxbBgE-fR5zsRK6Osdf6NDnE
G T B Nagar,ChIJU0ya6bfI5zsRFaAE3NnFKNs
Bandra Kurla Complex,ChIJG-qGC9_I5zsRlvK9G0vqfs4
Bangur Nagar,ChIJPRpYHVy25zsRHNXWRqiFM-g
IC Colony,ChIJ5QzKZx6x5zsRSlZOLKNiSlA
Opera House,ChIJuSaaMg7O5zsRGZ9dDh4GjaA
Ragavendra Nagar,ChIJCaHVFYs8rjsR7kGJH6hn5rg
Nagavara,ChIJmR-fxYIXrjsRFhJPTFeJbVM
LB Shastri Nagar,ChIJ0-HXouETrjsRLOygAzMjpWY
mathikere,ChIJdwI5uN8XrjsRcayAsQV2Xi8
BEML Layout,ChIJz5WWWDwSrjsRBwOVdeGDY3k
Kumaraswamy Layout,ChIJH0Nivdg_rjsRGVAlM74jy5g
Kothanur,ChIJAcvFalgXrjsRXDUSLi89xeI
Bangalore,ChIJbU60yXAWrjsR4E9-UejD3_g
Kempegowda Nagar,ChIJM-rxmfYVrjsR5-IgF57RzGc
Kanakapura,ChIJF5WZe5lDrjsRTo3-ctwREhU
Jigani,ChIJkwfo01BprjsRaoWdxMT6upM
Hosakerehalli,ChIJ_Q0E4Us-rjsRIk3L21mNQAM
Hennur,ChIJt_HEzi0XrjsRiv_DIQD0PFI
Bangalore International Airport,ChIJZWJEdf4crjsRjkEpoelwbCk
"Infosys, Electronic City",ChIJIRtXOIVsrjsRSiLQ5eKgNsk
Gunjur,ChIJ1cC0m4USrjsRlnHLdK7IhLU
Taloja,ChIJTSd2ydvB5zsRRqi9t3yzXiQ
Vidyavihar,ChIJB1vkDYLI5zsR4NkQdOZcTQM
Naigaon West,ChIJw4hBnGau5zsRvjsdT-7kH5s
Versova,ChIJW1ERSA-25zsRjywcc97fVkc
Naigaon East,ChIJe3iFTKOv5zsRysuwI2yzu14
Dadar West,ChIJ4z3f-cTO5zsRiIQLKxv2TsU
Khopoli,ChIJtVCAsBEH6DsRbdjbcWgd_Gg
Pali Hill,ChIJTYtr7GzJ5zsRm2kKJREU7_I
Santacruz East,ChIJc-jG3__I5zsRrpYJ6masoFg
Ghatkopar West,ChIJKeZ1Ui3G5zsRiGKnRLEbuRY
Virar East,ChIJfSXbTK6p5zsR-l-q1RR6Do0
Viman Nagar,ChIJtYQU5kbBwjsRsLO0qPcsSLY
VIIT Campus,ChIJKdDVXPTqwjsRElrQNtuhlrA
Vadgaon Budruk,ChIJN-3ETESVwjsR55ZmAzNqOq8
Sinhgad Narhe Campus,ChIJf6jXEj-VwjsRLnwy9yMjS0w
Sinhgad Lonavala Campus,ChIJnYJfco8B6DsR2wHfY-zvgnQ
Sinhgad Kondhwa Campus,ChIJ4cPtZ1PqwjsRmJph2Pl8egQ
Sinhagad Road,ChIJE76UJnOVwjsRer4c6k1zf3c
Shivaji Road,ChIJ2QlfsGFE3DsR4mGTlFXbY14
Shastri Road,ChIJjZrEdHbAwjsR1tYXxZNVQo4
Shaniwar Peth,ChIJne5yV3rAwjsRNa_d6ki2iVE
Senapati Bapat Marg,ChIJLZfMQO3O5zsRZhKxzy1B7A8
Phursungi,ChIJZ5spRMrpwjsRTerWEjApbds
Koregaon Park,ChIJdRIqOE7AwjsR8s8t4TvuyB4
Khadakwasla,ChIJMewU_JKVwjsRgn3cTDlJzqk
Katraj,ChIJh19lAcHqwjsRyJoM1iAKW8w
Karve Road,ChIJUeU_c_WV5zsR1j4g4qAQHQA
Kalyani Nagar,ChIJxZBnkBDBwjsRcpq1NoUtYVY
Jangali Maharaj Road,ChIJmemZn3nAwjsRCNov2IKt3MQ
Hinjewadi Phase 1,ChIJLbvrhcO7wjsRQm5Z_zqQWao
VIT Campus,ChIJGWJhD5XqwjsRZPCpzuLaGzI
Sadashiv Peth,ChIJu_fXknPAwjsRgVCzSUCc-tw
Rasta Peth,ChIJL44sikLAwjsRgT-NZXyHLjU
Mukund Nagar,ChIJW2XAJhjAwjsRN2MqvxRMREE
Modern College Campus,ChIJOxIRQX7AwjsRAIRcLlwzkj8
MIT Alandi Campus,ChIJNXwdUYDIwjsR62P2waiV5MQ
Lulla Nagar,ChIJae8cqoHqwjsRIp12WMCj57w
Lohegaon,ChIJmcU-ZqPGwjsRlq7bP3p2w0M
Fergusson College Road,ChIJfwmqTX_AwjsRCVBddmCbM84
Fergusson College,ChIJsQfUTIe_wjsRs6-sG0J7-jU
Deccan Gymkhana,ChIJfS8qMI-_wjsRZC5c1rF2ha4
S.P. College,ChIJbdXdTHPAwjsR5LRA9dDeAes
Mithibai,ChIJ3zMsfbjJ5zsREp3W6Wjw8ec
Sathaye College,ChIJY7fXQ7PJ5zsR0XVy0MWG164
Bhavans,ChIJ-ypANNjJ5zsR9mUuhyaBoTU
Brahmand,ChIJG0ZzJ_C75zsRzWQFecMrZCk
Louis Wadi,ChIJnz2hgBC55zsRGnt9Dj9yoU8
Charai,ChIJnclxojy55zsR7uRjkKsyGTE
Wagle Industrial Estate,ChIJRY_h4w655zsRG1awCYtMdW8
Hiranandani Estate,ChIJj5RlxPK75zsR8VSY1uW1-Mc
Kapur Bawdi,ChIJ9XehxVy55zsRTe3aIiw8-44
Kopri,ChIJBZokgd245zsRrzT-8hVtA4M
Khopat,ChIJ64Varj255zsR5yLhSRHfMtQ
Ghodbunder Road,ChIJ2W_V7b275zsRRlHGZ7FJVc0
Thane West,ChIJ640aCBK55zsRifpsEySY2uM
Turbhe,ChIJrTUhHIHq5zsR0oLDZBw7hqY
Khandeshwar,ChIJ8dR3Myzo5zsRXKyT3scgtGk
Khanda Colony,ChIJG01cIEjo5zsRXFgzv8M0DHI
Sanpada,ChIJKe_RV1DB5zsRABa5LxIlIXU
Bhuleshwar,ChIJS0WqlRfO5zsRPBeea8Htcg8
Chinchpokli,ChIJMzO6rF7O5zsRf1fxXNOeIys
Mulund East,ChIJLzI5uu245zsRr6tESGMs2oA
Agripada,ChIJxVxWD2jO5zsR41oUBHdnkFA
Marine Lines,ChIJ7SkwKN7R5zsRmyxEW7c62gU
Malvani,ChIJUaQFppG25zsR6X9ZUkt7K0Y
Grant Road East,ChIJMUCC4xLO5zsRLZUHkwqN3h4
Grant Road West,ChIJL45rUg3O5zsRuEbeqHbCwYU
Elphinstone Road,ChIJF_0MRe_O5zsRxkHWmEJKp3I
LalBaug,ChIJeZ4SCcjI5zsRc03IA5XMyKk
Govandi,ChIJ3bQd7xHG5zsRe0kS19bM0rQ
Poonam Nagar,ChIJ4S_Cwdu35zsRYCMoMkSdYQM
Vasai Road,ChIJ5ypMlMGu5zsR3HtK5UTpMD8
Sewri,ChIJaeYaAgDP5zsRm54RuMitRl0
Roha,ChIJ-aJCQF0V6DsRk7CBH672m_s
Mumbai Central,ChIJN3GxoW7O5zsR4_XLO7GOGf4
Kalina,ChIJv1xuf_HI5zsRi5232ivcrcU
Ambivali,ChIJnWSygCi25zsR4LGqiNZEYW4
Mazgaon,ChIJHQnvdDfO5zsRZStvV5FYfF4
Chakala,ChIJKdFgFjTI5zsRKpuzVWlSG1A
Matunga East,ChIJz0hr6dDO5zsRJAMt-2lugXo
Lower Parel,ChIJh1xIbI3O5zsRwB4tHYLUzv8
Mahalaxmi,ChIJVSrJJIjO5zsR6ELPTIq1DSI
Bhandup East,ChIJNdepGH-45zsRYkqPD7DQaAI
Vakola,ChIJN5C6QlXI5zsRdO3ozWMUp-c
Sakinaka,ChIJUfCyPHfI5zsRNGsjRMlqV0A
LBS Marg,ChIJES-vi83H5zsRh6ENbnQXjDA
LBS Marg,ChIJvRjc8IXI5zsRpZ-hfxvL8sA
LBS Marg,ChIJ68KcLe_H5zsRegbAo5QsRxw
Sion East,ChIJH0-fLbLI5zsRqPN1mtmWPog
Sion East,ChIJe6SP697O5zsRZQ45d8bMo4M
Vikhroli East,ChIJXUuBfLzH5zsRxp2bjzRb0mo
Prabhadevi,ChIJca7aLrrO5zsRzyW0LfAzQAk
Mahim,ChIJXSvYWi7J5zsRDb6EK24J1KU
Lokhandwala,ChIJY4OoJBS25zsR7TaMIL6G3zg
Tilak Nagar,ChIJuZ6BeZ7I5zsRHLHSXC8oGbo
Kalyan East,ChIJn8UJuM6V5zsRzJyAn0gr2yY
Borivali East,ChIJyyvQMc6w5zsRedXXF-xXzU0
Ambernath,ChIJpdO7WYOT5zsRyfCIynvKhQE
Dahisar East,ChIJE8w_8-6w5zsRhsViojU7j98
Chandivali,ChIJFTW8ywvI5zsRABlRv1yrPs4
Bandra West,ChIJe9L4I-HI5zsReGojmrSWeUM
Bhandup West,ChIJe0T4RHq45zsRGDwtaYvJmaY
Mulund West,ChIJA4D_CvK45zsRWTZrGK5NKhY
Kalyan West,ChIJmz34-9eV5zsRfx7ByY3Xo-4
Virar West,ChIJpcYouEmq5zsRUdJKoUFM_r4
Manpada,ChIJ6W4clV-55zsR3s4WvsBRW4E
Balkum,ChIJ28-tkku55zsRWkDNcFt8RyQ
Kasarvadavali,ChIJsf4NHaK75zsRrtoE8NI2FWE
Majiwada,ChIJ2SZP8Ey55zsRTcZXpMHBL4k
Kalwa,ChIJsek7ctO-5zsRxKyr_iv6ZRw
Mankhurd,ChIJBaxKInjG5zsRw4aucVMMNi8
Juhu,ChIJB7rUlb_J5zsRoc62Npx8BDU
Nalasopara West,ChIJ66OWnx-p5zsR-fnI3pyTnZE
Nalasopara East,ChIJLY3Fnx-p5zsROtEWtVOSV90
Parel,ChIJhzkU__rO5zsR0Hg-23JypRE
Bhayandar East,ChIJe2fGISmw5zsRZelT5RfMZLE
Dongri,ChIJIWbYJzrO5zsRm89b-ZKllLQ
Kanjurmarg,ChIJwWODpojH5zsRfqhWpG8VSgg
Ghatkopar East,ChIJ2UWx3DHG5zsRQRGhESB8Lu0
Santacruz West,ChIJYx4vcqfJ5zsRyheminJdJrE
Rathnalaya apartment,ChIJv_m3nQkUrjsRvdo6ECjM5bg
Baiyyappanahalli,ChIJ1wqUx8cWrjsRfoEZ7no2vEY
Ullal,ChIJif1W0jxcozsRO-8JnRzdhb8
Spice garden,ChIJn5qJHTESrjsRWuQ6U71_vXc
Rathna nest,ChIJxTCLowkUrjsRJHqougXcgJg
Daffodil,ChIJfYUNowkUrjsRbTy9RNxKJKw
Obamma lane,ChIJJxFanwkUrjsRX1C4rYpmYJ4
Hegde Nagar,ChIJLZHw0NwZrjsRbWJq6IZ2A-k
Hegde Nagar,ChIJRwrYlaIXrjsRWUexKPPLPBo
Wadia College Campus,ChIJGbvbAfnAwjsRvDoYU2vQWFI
Wagholi,ChIJd_jen4HDwjsR4Es1X5g-GdQ
Model Colony,ChIJJ2rYS36_wjsRC2GW2x1C2QE
Murugeshpalya,ChIJob07tPATrjsR4A1c7cr43QE
MIT Kothrud Campus,ChIJBTtWq6O_wjsRin_RZQvzWco
Gultekadi and Market Yard,ChIJwzxu-CDAwjsR5WfmLDTWlqc
Magarpatta Cybercity,ChIJZ5W3EY3BwjsRqQj0duHO3UA
Magarpatta,ChIJR68ZYfDBwjsRtZSwYviZCVk
Wanowarie,ChIJ8TQ7l8LBwjsROUGpMh25HMw
Wakad,ChIJ7RtXr3q5wjsRc2anpWs0Zww
Bopodi,ChIJFdFvV1G_wjsRamVT2lcd6xA
Bibvewadi,ChIJjXaFQJfqwjsRduKkb30_fRY
Sion West,ChIJ38-2mM7I5zsR_M7ID2a5clk
Thakurli,ChIJh0_E9e2V5zsRIUqgI_WcNiU
Bhosari,ChIJVzdNwoDHwjsRW_pYGkJZdM8
Vasai West,ChIJYZzvuiqs5zsRDE8oFauWIlA
Khar West,ChIJA5D10QTJ5zsR1B-PEtch7T8
Dombivli West,ChIJa5830x--5zsRxfXqrmwpevo
Vasai East,ChIJ8ZklYC-v5zsRnYrDvXDBA5I
Shivaji nagar,ChIJd1F4HXnAwjsRyD10yoFq2CA
Law College Road,ChIJLyGhGZC_wjsRW7BKDArqeZo
Dehu Road,ChIJIf-DBcuwwjsR9c570NWHaKY
Dapodi,ChIJWx4HwbG4wjsRdQglywPYpG8
Mumbai,ChIJwe1EZjDG5zsRaYxkjY_tpF0
CSIA,ChIJRym9mVDI5zsRrqh0xGAazB4
Doddabommasandra,ChIJ0cRVmAAYrjsRtmqUe-ObHMw
Modisons elegance,ChIJ13em6wgUrjsR_rGGxMsFYK4
Suraksha apartment,ChIJBTH3oQUUrjsRjQe1vOqLVIA
Konanakunte,ChIJdXzxVf0_rjsR23TXdkbWBx0
Srirampura,ChIJVX2PEPY9rjsRYbb8uQBFnFc
brigade-road,ChIJFWfzXNUVrjsR3YB7Mo3GyWc
HR,ChIJ0Wg9FOjR5zsRf01w9R6Zn4Q
Channasandra,ChIJG01YCwwOrjsRIAd9w3D6Wi8
Vile Parle East,ChIJGf3Ah03I5zsRlKgyTF42WRg
N R Layout,ChIJra5LtAkUrjsRD922nrgpEJ0
Wadala West,ChIJbYvL5BjP5zsRImndeOZRmh0
Oshiwara,ChIJuXeH1Tm25zsRuAc9mxdKZIE
Shivaji Park,ChIJZW2pbM7O5zsRh0qFytryWQg
Malabar Hill,ChIJLWj-R-PN5zsRiqL9QYx6C0g
Tardeo,ChIJR0Fhk3PO5zsRyXB0BrhDw5g
Chuna Bhatti,ChIJFf38xsXI5zsRlloRC1ZVA14
Matunga West,ChIJ18QDXtHO5zsRwK7fdQX1_zg
Gorai,ChIJ5eUCdumz5zsRhpr0hDXeecU
Byculla West,ChIJYX4HXUPO5zsRkokKgT6aJRg
Colaba,ChIJlcIOo5rR5zsRzws9zlvdtxs
Ulhasnagar,ChIJUbqLlEKU5zsR99shPN4_1Cg
Charni Road,ChIJXX5X8xrO5zsRaTMuCOJHlVM
Bhiwandi,ChIJo0qCHhC95zsRrjHZxnKlcFk
Vittal Mallya Road,ChIJvULjw3kWrjsRywg8NrzBqEk
Sunkadakatte,ChIJxzfCbUc8rjsRpK6OCl_d7xc
Charkop,ChIJuVs8erK25zsR-QkW60vMqu0
Jogeshwari East,ChIJm97zdju25zsR-LEAf9IcHR4
Mira Bhayandar,ChIJ8crPMVmw5zsR8bxJT-hGfXQ
Marol,ChIJvwNzyBHI5zsRVswNuaF8oBY
Sidedahalli,ChIJ3boV0UcjrjsRjTw9hYbC5fc
Yelachena Halli,ChIJN1Ydr_w_rjsR9eRlgSQVdf4
Thubarahalli,ChIJvYEd4j0SrjsROwh42RxYHgM
Vikhroli West,ChIJrSMt7LjH5zsRJ7bfUqP8buE
Jogeshwari West,ChIJaQzvzjq25zsRO_p9KPIMqCo
Kurla West,ChIJlT0pw43I5zsR7ZuEiPpsOuI
Vile Parle West,ChIJmxXNFcjJ5zsRDS4TgEdXrig
Wadala East,ChIJ6YagPhjP5zsRq9CQxWlivg8
Titwala,ChIJOTA8zR6R5zsReUjtcL6A3Bs
Bandra East,ChIJRVD6FOHI5zsRxyqpis6zAas
Asangaon,ChIJA5KIHpmE5zsR9up2KOsk0I4
Kurla East,ChIJd3RUsL_I5zsRd2dl6bzG92w
Karjat,ChIJM6uk0Jz75zsRT1nlkg6PwiQ
Worli,ChIJxYw0NJfO5zsR7ABk4Kqrdx8
Bhayandar West,ChIJ7zW-CNSx5zsR407Yk0vKf4g
Byculla East,ChIJBdvE-lrO5zsRFJjULgfHGtA
Badlapur West,ChIJvRvHm1zt5zsR81AYYrA51Yc
Badlapur East,ChIJvRvHm1zt5zsR81AYYrA51Yc
Goregaon West,ChIJEX_SgVC25zsR4z5GacG63aM
Kandivali West,ChIJH7IAHse25zsRE1VXffWxdPo
Borivali West,ChIJ9xfRPM6w5zsRkvZblYtVXVE
Chembur,ChIJndMI5-3F5zsRbRM_-mTnGtg
Malad West,ChIJ5ajjT5G25zsR1LlNnBBk8nM
Kandivali East,ChIJiVccSjy35zsRw4EfvasM5JY
Powai,ChIJQ3sdHAjI5zsRZuOLS8UA8bo
Andheri West,ChIJ3ZHYthi25zsRMtExx1eo-JE
Goregaon East,ChIJub3bflq25zsReDAUmYXDR_Q
Andheri East,ChIJMbHfQRu25zsRMazdY3UpaKY
Dombivli East,ChIJm1zvA4WV5zsRJWVaj3NdhLY
Mira Road west,ChIJBai_x7Ox5zsRYZ62lyVUPZU
Mira Road east,ChIJiyn3jEWw5zsRISvf6TnYjkY
Doddaballapur Road,ChIJlR8jM5EYrjsR5OoFXTnWnt4
Christ university,ChIJaVOxnrIVrjsRDINIMvl6OQU
Vasanth Nagar,ChIJnxBCOWgWrjsRsCItl8FYIdc
Thavarekere Magadi Road,ChIJux_vfxg6rjsReNWXwnsvaeE
Yelahanka,ChIJ1dI391YYrjsRL5RdGCCN974
Sahakara Nagar,ChIJtaiGVyEYrjsRI73rzVluWl0
Basavanna Nagar,ChIJ60v1yDA8rjsRUmUsQ_LIPcg
Manipal Tech Park,ChIJkTGsYIAWrjsRXONhIHn9BD4
Kammasandra,ChIJqUnGc4warjsRXTN9BQ4USCg
Kalyani Magnum Tech Park,ChIJXWsflhcVrjsRTR0WuJ4gC7s
K R Puram,ChIJ5-P_yKsRrjsRv1OOyUaHNtg
Frazer Town,ChIJPYDzqfYWrjsR8VRXGUdUc2E
Domlur,ChIJX9OZehsUrjsRjlnPb6fKWYI
Dodda Banasvadi,ChIJ79qlnCoXrjsRuTFJ96MEb_E
Dodda Aalada Mara Road,ChIJ63uR6jU4rjsRqJf4MAHnBAw
Divyasree Technopark,ChIJk6NaUx4SrjsRN2TfzzMGWiA
Commercial Street,ChIJ_wJdbogWrjsROhkzUUziHec
Choodasandra,ChIJOefOWTMTrjsRbbvJA8qNZCM
Chikka Tirupathi,ChIJ3SqTbzELrjsRp2-zv0l_biw
BTM Layout,ChIJMTCpkfwUrjsRP9zLdiXmr_A
Bilekahalli,ChIJIYAZRNkUrjsRsCiRog-_i6M
Bidrahalli,ChIJdUePZHYQrjsRmStYhtbKEjY
Benson Town,ChIJ7ygYG1kWrjsRc7ID1Q9ngbg
Bennigana Halli,ChIJHSKs-cwWrjsRRwIw0k8qd2Y
bellary road,ChIJxxI-uo0XrjsRNwoW6nqVTq0
Bellandur,ChIJL-k0LnUTrjsRrmqYb6Y0ssI
Begur,ChIJNac-HkprrjsRwYzD0krrMFQ
basavanna-nagar,ChIJEd-iWHrXuDsRQhAWyU5_9Xo
Basapura,ChIJW5Jn7lhrrjsRQj3Z40VwdAY
Bapuji Nagar,ChIJK7tdWQw-rjsR-aKKEzHtR4o
Banaswadi,ChIJp8gWiCoXrjsRMm93KPuPiRI
Bagmane Tech Park,ChIJVxpfo1ERrjsR9LWwzBAljqg
Annapurneshwari Nagar,ChIJ9TRNTiM8rjsRnBPfRBAA1TY
AECS Layout,ChIJXR3gIiUSrjsR7MdqiFvLAxw
Abbigere,ChIJAf0-x-4irjsRr4QU0uTo1n0
Kannamangala,ChIJY3QOmU0mrjsRoOzSzutZCr8
Jnana Ganga Nagar,ChIJgf6aTbw-rjsRYft3FUnXUVA
Cambridge Layout,ChIJL8Zeg54WrjsRzIebk6zmkPU
Kodichikkanahalli,ChIJCzQu9dsUrjsRH3LabKEE1t8
Kadugondanahalli,ChIJA-DOohwXrjsR_cB4Hs3Mhic
SMV Layout,ChIJ31lSi88-rjsR7jiWYCDqmtI
Rajaji Nagar,ChIJxfW4DPM9rjsRKsNTG-5p_QQ
Prashanth Nagar,ChIJM9l62Ck9rjsRPt6r9s-5ITw
Bidadi,ChIJy6lIiBhGrjsRR2uTOOK-i7c
MG Road,ChIJ0aeM5nkWrjsR10qb50gqxog
Kengeri Satellite Town,ChIJeRwWRdk-rjsRQVJoR_1ddic
Jayanagar,ChIJ2ddlZ5gVrjsRh1BOAaf-ors
Integrated Hitech Software Park,ChIJkTGsYIAWrjsRXONhIHn9BD4
Indira Nagar,ChIJkQN3GKQWrjsRNhBQJrhGD7U
Hosur Road,ChIJU_47R5UUrjsRK-YqZDzwXCc
hesaraghatta,ChIJC1aV0v0jrjsRlUBeYq2WDTs
Viveka Nagar,ChIJcbVTSToUrjsRBR_vYBJYS68
Sudhama Nagar,ChIJd0amqd0VrjsRYTI3xTjKLXo
Banashankari,ChIJt1jDIiw-rjsR7_I2fxBocBU
Silk Board,ChIJHX06LvEUrjsRlvszuQ9ApU4
Shanthi Nagar,ChIJwQWX_548rjsRCf9QhPodM9c
Panduranga Nagar,ChIJQwuC1CQVrjsRruORPxmJRkc
Singasandra,ChIJrwYt0KwUrjsRrxeLBRxtH8E
Yelahanka New Town,ChIJXc_ZXWAYrjsRuzsIhmTpHBs
Williams Town,ChIJD1q6_PcWrjsRtYQKIPN-oxg
Vishweshwaraiah Layout,ChIJNWHUhSA8rjsR8yV-Z2b7jng
Vignana Nagar,ChIJzXzVZGERrjsR1GsdGlQdVwU
Uttarahalli,ChIJy_lzRMY_rjsRJpzi2YyUSjE
Ulsoor,ChIJCWWE2o8WrjsRlAtQivbhJqU
Seshadripuram,ChIJJ7TIpz4WrjsRZNYA2yXgwVU
Ozone Manay Tech Park,ChIJQw-Oa7oUrjsRCz_BSELr2jc
Shivaji Nagar,ChIJO-71g9cVrjsRJN8pcP495WI
Richards Town,ChIJn9NvifoWrjsRtI4hs3GnUxc
Residency Road,ChIJLUl62X4WrjsRiHkhyma7A8o
Pai Layout,ChIJMZ0SlC0VrjsRhJqpAudo1wI
Padmanabha Nagar,ChIJQXsqcdM_rjsR-6ZlijFCwwc
Munnekollal,ChIJHwlSfkgSrjsRKadIzM9X1rU
Maruthi Sevanagar,ChIJOZHiKegWrjsRCZnZz7ZsNuo
lal bagh,ChIJX1TIl8IVrjsRxB_WIrzWVww
Kudlu,ChIJMZLyw1cTrjsR_-2ZqC6Jhcg
Kodihalli,ChIJBTH3oQUUrjsRjQe1vOqLVIA
Kammanahalli,ChIJJ-OsSyEXrjsR0hNujIQktYM
Kalkere,ChIJtw9_CMEQrjsRYtlkJxGjlwY
Kalena Agrahara,ChIJcTYIac9qrjsRHIQCC_5Kd_E
kaikondrahalli,ChIJLzg-phITrjsR0vlekJ_3xBI
Anekal,ChIJ_fFYh3hvrjsRw5To5mK3a6U
Gultekdi,ChIJ5xDP3jrAwjsR4Zx3sFgdERg
brigade road,ChIJFWfzXNUVrjsR3YB7Mo3GyWc
Ramnarain Ruia College,ChIJwfdv9CDP5zsR7AkJQB1-YNc
Wilson,ChIJ____rw_O5zsRm31ETiXs3DQ
